code_station,libelle_station,code_commune,code_departement,code_cours_eau,libelle_cours_eau,date_maj_station
F2220001,Méances à Chalmaison,77076,77,F2220600,Le ruisseau des Meances,2012-05-14
F4290001,Betz à Bransles,77050,77,F4298000,Le Betz,2012-05-14
F4360001,Fusain à Chateau-Landon,77099,77,F43-0400,Le Fusain,2012-05-10
F4380003,Lunain à Lorrez-le-Bocage-Preaux,77261,77,F4380600,Le Lunain,2012-05-14
F4390004,Orvanne à Thoury-Ferottes,77465,77,F4398000,L'Orvanne,2012-05-10
F4410001,Vallée Javot à Machault,77266,77,F4410600,Le ru de la Vallee Javot,2012-05-14
F4460001,Ru d'Ancoeuil à Moisenay,77295,77,F44-0400,L'Almont,2012-05-10
F4480001,Ecole,91463,91,F4480600,L'Ecole,2012-05-15
F4520001,Essonne à Buthiers,77060,77,F45-0400,L'Essonne,2012-05-14
F4560423,La Marette,91294,91,F4565000,La Marette,2012-05-15
F4590003,Vert-le-Grand,91648,91,F4592000,Le ru Misery,2012-05-15
F4600004,hauldres à Reau,77384,77,F4603000,Le ru des Hauldres,2012-05-14
F4600005,Golf,91573,91,F4601000,Le ruisseau des Pres Hauts,2012-05-15
F4610002,Rue de Corbreuse,78564,78,F46-0400,L'Orge,2012-05-15
F4610003,Renarde,91602,91,F4617000,La Renarde,2012-05-15
F4620002,Le Gasseau,78120,78,F4625550,Le ruisseau de la Pierre du Jeu,2012-05-15
F4620003,Amont Limours,91338,91,F4629000,Le ruisseau de Predecelle,2012-05-15
F4640003,Salmouille,91363,91,F4645000,La Salmouille,2012-05-15
F4650002,Yvette,78334,78,F46-0420,L'Yvette,2012-05-15
F4660002,Ru d'Angoulême à Bures-sur-Yvette,91122,91,F4662400,Ruisseau d'Angouleme,2014-01-27
F4660003,Rouillon,91666,91,F4668000,Le Rouillon,2014-01-27
F4710001,Visandre à Vaudoy-en-Brie,77486,77,F4710600,Le ruisseau de la Visandre,2012-05-10
F4730001,Yvron à Bernay-Vilbert,77031,77,F4730600,L'Yvron,2012-05-10
F4740002,Yerres à Argentières,77007,77,F4--0210,L'Yerres,2012-05-10
F4770001,Marsange à Liverdy-en-Brie,77254,77,F4770600,La Marsange,2012-05-10
F4800001,Avon à Verneuil-l'étang,77493,77,F4800600,Le ru d'Avon,2012-05-14
F4830002,Yerres,91097,91,F4--0210,L'Yerres,2012-05-15
F4860002,Réveillon,94070,94,F48-0400,Le Reveillon,2012-05-15
F6240003,Moreau à Verdelot,77492,77,F6248500,Le ru Moreau,2012-05-14
F6250002,Petit Morin à Orly-sur-Morin,77345,77,F62-0400,Le Petit Morin,2012-05-14
F6380001,Croix Hélène à Crouy-sur-Ourcq,77148,77,F6383000,le ru de la Croix Helene,2012-05-14
F6380002,Ourcq à Lizy-sur-Ourcq,77257,77,F63-0400,L'Ourcq,2012-05-10
F6380003,Chaton à Vendrest,77490,77,F6386000,Le ru de Chaton,2012-05-14
F6410001,Thérouanne à Congis-sur-Thérouanne,77126,77,F6410600,La Therouanne,2012-05-14
F6410002,Avernes à Forfry,77193,77,F6411000,Le ru des Avernes,2012-05-15
F6530001,Vannetin à Choisy-en-Brie,77116,77,F6537000,Le ru de Pietree,2012-05-15
F6540001,Rognon à Aulnoy,77013,77,F6544000,Le ru du Rognon,2012-05-15
F6540002,Orgeval à Coulommiers,77131,77,F6540600,Le ru de l'Orgeval,2012-05-14
F6550001,Grand Morin à Pommeuse,77371,77,F65-0400,Le Grand Morin,2012-05-10
F6560001,Aubetin à Beton-Bazoches,77032,77,F65-0410,L'Aubetin,2012-05-14
F6570003,Aubetin à Amillis,77002,77,F65-0410,L'Aubetin,2012-05-10
F6600001,Rapinet à Jablines,77234,77,F6606000,Le ru du Rapinet,2012-05-14
F6630001,Gondoire à Gouvernes,77209,77,F6630600,La Gondoire,2012-05-14
F6640008,Morbras,94060,94,F6645000,Le Morbras,2012-05-15
F7010001,Ru de Vauhallan,91534,91,F7019000,Le ruisseau de Vauhalan,2012-05-15
F7050001,Le Cottage,95280,95,F70-0410,Le Crould,2012-05-15
H2240007,Luzarches,95352,95,H2246300,Le ru Popelin,2012-05-15
H2260003,Clos-Robert,95059,95,H2269000,Le Sausseron,2012-05-15
H2260004,Vallée des prés,95611,95,H2269200,Le ru de la Vallee des Pres,2012-05-15
H2270002,Blancs Manteaux,95256,95,H2272000,Ruisseau du Montubois,2012-05-15
H2280002,Tourne-Cul,95625,95,H2286600,Le ru de Tourne-Cul,2012-05-15
H3010001,Pont de la RD913,78536,78,H3018000,La Montcient,2012-05-15
H3010002,Les Glaises,95658,95,H3010600,L'Aubette,2012-05-15
H3030005,Amont STEP,78289,78,H3038000,Le ruisseau du Lieutel,2012-05-15
H3030006,Pont des Ganches,78576,78,H3039400,Le Guyon,2012-05-15
H3070001,Cimetière,78236,78,H3074000,La Flexanville,2012-05-15
H3070002,Pont Laurence,78417,78,H3070600,La Vaucouleurs,2012-05-15
H4070002,Etang communal,78003,78,H4070600,La Remarde,2012-05-15
H4110002,Etang guillemet,78464,78,H41-0400,La Drouette,2012-05-15
H4270001,Ferme de Vaux,78381,78,H4279000,L'Opton,2012-05-15
