code_station,libelle_station,code_commune,code_cours_eau,nom_cours_eau,date_creation,date_arret,date_maj_information
03081000,LA SEINE A PARIS-12E--ARRONDISSEMENT 1,75056,----0010,La Seine,1971-01-01,,2019-11-20
03081270,LA SEINE A PARIS--7E--ARRONDISSEMENT 1,75056,----0010,La Seine,1971-01-01,,2019-02-21
03081570,LA SEINE A PARIS-16E--ARRONDISSEMENT 2,75056,----0010,La Seine,1971-01-01,,2019-02-21
03112328,BONNEUIL-SUR-MARNE 8,75056,----0010,La Seine,2012-08-30,,2019-02-21
03112331,BONNEUIL-SUR-MARNE 9,75056,----0010,La Seine,2012-08-30,,2019-02-21
03011780,LE RU DE BICHERET A MONTEVRAIN 1,77307,F6610600,La Beuvronne,2016-08-02,,2018-02-06
03012450,LA VIEILLE SEINE A VILLIERS SUR SEINE 1,77522,F2150600,Le Resson,2012-10-09,,2017-06-06
03012660,LE RU DU MOULIN HAUTS CHAMPS A GRISY SUR SEINE 1,77218,F2203000,Cours d'Eau 01 du Moulin Hauts Champs,2012-10-09,,2014-01-28
03012680,LE RU DE TOUSSACQ A PASSY SUR SEINE 1,77356,F23-0400,La Voulzie,2012-08-22,,2013-08-01
03012710,LE RU DE VILLENAUXE A VILLENAUXE LA PETITE 1,77507,F6641000,Ru de Chantereine,2012-08-22,,2013-08-01
03012800,LA SEINE A JAULNES 1,77236,F4446000,Ru d'Ancoeur,2010-03-08,,2010-03-08
03012973,LA SEINE A BRAY-SUR-SEINE 1,77051,F4750600,Ru de Breon,2009-03-13,,2009-03-13
03013000,LA SEINE A BRAY-SUR-SEINE 2,77051,F3--0200,L'Yonne,2010-03-08,,2010-03-08
03013125,LA TRACONNE A BEAUCHERY SAINT MARTIN 1,77026,F2302000,Ruisseau de la Traconne,2015-10-06,,2015-10-06
03013155,LA VOULZIE A LECHELLE 1,77246,F4398500,L'Orval,2012-01-03,,2013-06-06
03013163,LA VOULZIE A SAINT-BRICE 1,77403,----0010,La Seine,2009-03-13,,2011-12-14
03013165,LA VOULZIE A SOURDUN 1,77459,F23-0400,La Voulzie,2010-03-08,,2010-03-08
03013200,LE DURTEINT A PROVINS 1,77379,F2310600,Ru de Barcq,2010-03-08,,2010-03-08
03013212,LE DURTEINT A ROUILLY 1,77391,F2310600,Ru de Barcq,2009-03-13,,2009-03-13
03013250,LA VOULZIE A SAINTE-COLOMBE 1,77404,F4429000,Ru du Chatelet,2010-03-08,,2010-03-08
03013280,LA VOULZIE A LONGUEVILLE 1,77260,F6537000,Ru de Pietree,2010-03-08,,2010-03-08
03013290,LE RU DU DRAGON A LONGUEVILLE 1,77260,F2326000,Ru du Dragon,2010-03-08,,2010-03-08
03013300,LA VOULZIE A JUTIGNY 1,77242,F23-0400,La Voulzie,2010-03-08,,2017-03-16
03013315,LA VOULZIE A LES ORMES-SUR-VOULZIE 1,77347,F4--3692,Canal du Loing,2000-11-16,,2000-11-16
03013345,LE RUISSEAU DES MÉANCES A CHALMAISON 1,77076,F2220600,Ruisseau des Meances,2010-03-08,,2010-03-08
03013365,GRANDE NOUE D'HERMÉ A NOYEN-SUR-SEINE 1,77341,F6585000,Ru du Mesnil,2010-03-08,,2010-03-08
03013370,LE RUISSEAU DES MÉANCES A MOUY-SUR-SEINE 1,77325,F2203000,Cours d'Eau 01 du Moulin Hauts Champs,2002-05-07,,2002-05-07
03013372,LA GRANDE NOUE D'HERMÉ A GOUAIX 1,77208,F2228000,Grande Noue,2010-01-25,,2016-08-02
03013430,LA SEINE A VIMPELLES 1,77524,F4398000,L'Orvanne,2000-11-16,,2000-11-16
03013550,LE RU DE PLANCHOTTE A VILLIERS SUR SEINE 1,77522,F6645000,Le Morbras,2012-08-22,,2013-08-01
03013610,L'AUXENCE A DONNEMARIE-DONTILLY 2,77159,F6428000,Ru des Cygnes,2000-11-29,,2000-11-29
03013615,LE RU DE LA BILBAUDRIE A GURCY LE CHATEL 1,77223,F2412000,Fossé 01 de Champabon,2012-10-09,,2014-01-28
03013620,L'AUXENCE A DONNEMARIE-DONTILLY 3,77159,F4--3692,Canal du Loing,2000-11-29,,2000-11-29
03013660,L'AUXENCE A VIMPELLES 2,77524,F24-0400,L'Auxence,2010-03-08,,2010-03-08
03013677,L'AUXENCE A THENISY 1,77461,F24-0400,L'Auxence,2008-05-15,,2020-07-07
03013705,LE RU DE SUCY A EGLIGNY 2,77167,F23-0400,La Voulzie,2012-08-22,,2016-06-27
03013710,LE RU DE SUCY A EGLIGNY 1,77167,F6614000,La Reneuse,2010-03-08,,2010-03-08
03013730,LA VIEILLE SEINE A CHATENAY-SUR-SEINE 1,77101,F23-0400,La Voulzie,2000-11-29,,2000-11-29
03013740,LE RU DE SUBY A CHATENAY-SUR-SEINE 1,77101,F65-0410,L'Aubetin,2014-07-23,,2016-02-10
03013930,LE RU DE L'ÉTANG A SAINT-GERMAIN-LAVAL 1,77409,F2432000,Ru de l'Etang,2000-11-29,,2013-07-30
03014000,LA SEINE A MONTEREAU-FAULT-YONNE 1,77305,----0010,La Seine,2000-11-29,,2000-11-29
03023700,LE RU FLAVIEN A VERNOU-LA-CELLE-SUR-SEINE 2,77494,F2228000,Grande Noue,2012-01-03,,2017-02-08
03023732,LE RU FLAVIEN A VERNOU-LA-CELLE-SUR-SEINE 1,77494,F4007000,Ru Flavien,2010-01-25,,2010-01-25
03024000,LA SEINE A CHAMPAGNE-SUR-SEINE 1,77079,F4705000,Ru de l'Etang de Beuvron,2010-03-08,,2010-03-08
03031610,L'YONNE A MISY-SUR-YONNE 1,77293,F6586000,Ru de Lochy,2001-09-07,,2001-09-07
03032000,L'YONNE A MONTEREAU-FAULT-YONNE 1,77305,F3--0200,L'Yonne,2000-11-29,,2000-11-29
03046000,VULAINES-SUR-SEINE 1,77533,F6630600,La Gondoire,2010-03-08,,2010-03-08
03046140,LE RU DE LA VALLÉE JAVOT A COUTENCON 1,77140,F6537000,Ru de Pietree,2010-03-08,,2010-03-08
03046200,LE RU DE LA VALLEE JAVOT A FONTAINE-LE-PORT 1,77188,F4410600,Ru de la Vallee Javot,2010-03-08,,2010-12-14
03046320,LE RU DU CHATELET A LE CHATELET-EN-BRIE 1,77100,F4410600,Ru de la Vallee Javot,2009-03-13,,2011-09-13
03046388,LA SEINE A FONTAINE-LE-PORT 1,77188,----0010,La Seine,2010-03-08,,2016-02-18
03046680,LE RU DE LA NOUE A VAUX-LE-PENIL 1,77487,F4710600,Ruisseau de la Visandre,2014-07-25,,2021-09-14
03046684,LE RU DE LA NOUE A VAUX-LE-PENIL 2,77487,F6428000,Ru des Cygnes,2017-06-08,,2018-02-26
03046695,LE RU DE CHAUMONT A VAUX-LE-PENIL 1,77487,F6585000,Ru du Mesnil,2010-03-08,,2010-03-08
03047000,LA SEINE A MELUN 1,77288,F6585000,Ru du Mesnil,2010-03-08,,2010-03-08
03047279,LE RU DE LA MARE AUX ÉVÉES A BOISSISE-LE-ROI 1,77040,F4475000,Ru de la Mare aux Evees,2009-03-13,,2009-03-13
03047585,LE RU DE LA GRANDE PRAIRIE A FLEURY-EN-BIERE 1,77185,F6630600,La Gondoire,2010-03-08,,2010-03-08
03047620,LE RU DE REBAIS A CELY 1,77065,F4483000,Ru de Rebais,2010-03-08,,2013-04-15
03047627,LE RU DE REBAIS A PERTHES 1,77359,F4483000,Ru de Rebais,2009-03-27,,2009-03-27
03047650,L'ÉCOLE A PERTHES 1,77359,F4461000,Ru de Bouisy,2010-03-08,,2010-03-08
03047680,L'ECOLE A PRINGY 1,77378,F4480600,L'Ecole,2010-03-08,,2020-07-07
03047685,LE RU DES FONTAINES A SAINT SAUVEUR SUR ECOLE 1,77435,F4484500,Cours d'Eau 01 des Riberdouilles,2015-09-29,,2015-09-29
03047740,LE RU D'AUVERNAUX A SAINT FARGEAU-PONTHIERRY 1,77407,F4429000,Ru du Chatelet,2016-08-02,,2018-02-06
03048000,LA SEINE A SAINT-FARGEAU-PONTHIERRY 1,77407,----0010,La Seine,2010-03-08,,2010-03-08
03048230,LE RU DE BALORY A VERT-SAINT-DENIS 1,77495,F6586000,Ru de Lochy,2010-03-08,,2010-03-08
03048290,LE RU DE BALORY A SAVIGNY-LE-TEMPLE 1,77445,F4495000,Ru de Balory,2010-03-08,,2010-03-08
03048347,LE RU DU CHÂTELET A FONTAINE-LE-PORT 1,77188,F4429000,Ru du Chatelet,2010-03-08,,2010-03-08
03049590,LE RUISSEAU DES HAULDRES A MOISSY-CRAMAYEL 2,77296,F63-0400,L'Ourcq,2022-01-05,,2022-01-05
03049600,LE RUISSEAU DES HAULDRES A MOISSY-CRAMAYEL 1,77296,F6645000,Le Morbras,2010-03-08,,2010-03-08
03049700,LE RUISSEAU DES HAULDRES A LIEUSAINT 1,77251,F2432000,Ru de l'Etang,2010-03-08,,2010-03-08
03050200,LE RU D'ANCOEUR A GRANDPUITS-BAILLY-CARROIS 1,77211,F4446000,Ru d'Ancoeur,2010-03-08,,2010-03-08
03050520,LE RU DE COURTENAIN A NANGIS 2,77327,F44-0400,L'Almont,2010-03-08,,2010-03-08
03050690,LE RU DE COURTENAIN A NANGIS 1,77327,F6614000,La Reneuse,2007-01-09,,2013-07-08
03051000,LE RU DES TANNERIES A NANGIS 1,77327,F6540600,Ru de l'Orgeval,2010-03-08,,2022-02-24
03051120,LE RU DE COURTENAIN A FONTENAILLES 1,77191,F44-0400,L'Almont,2010-03-08,,2013-02-27
03051220,LE RU D'ANCOEUR A SAINT-OUEN-EN-BRIE 2,77428,F4705000,Ru de l'Etang de Beuvron,2012-12-17,,2012-12-17
03051240,LE RU DE VILLEFERMOY A SAINT-OUEN-EN-BRIE 1,77428,F2326000,Ru du Dragon,2014-07-25,,2016-02-10
03051250,LE RU D'ANCOEUR A SAINT-OUEN-EN-BRIE 1,77428,F44-0400,L'Almont,2010-03-08,,2012-02-23
03051300,LA PROCESSION A BOMBON 1,77044,F48-0400,Le Reveillon,2010-03-08,,2010-03-08
03051395,LE RU DE LA PREE A SAINT-MERY 1,77426,F62-0400,Le Petit Morin,2014-07-25,,2016-02-10
03051450,LE RU D'ANCOEUIL A BLANDY 1,77034,F2432000,Ru de l'Etang,2010-03-08,,2010-03-08
03051490,Le ru de Bouisy à Moisenay 1,77295,F4461000,Ru de Bouisy,2012-10-09,,2014-01-28
03051500,LE RU D'ANCOEUIL A MOISENAY 1,77295,F44-0400,L'Almont,2010-03-08,,2010-03-08
03051520,LE RU D'ANDY A SAINT GERMAIN LAXIS 1,77410,F4429000,Ru du Chatelet,2015-10-07,,2017-06-28
03051575,LE RU DE RUBELLES A RUBELLES 1,77394,F6428000,Ru des Cygnes,2010-03-08,,2012-01-03
03051580,LE RU DE RUBELLES A MELUN 1,77288,F4730600,L'Yvron,2012-01-03,,2017-03-15
03051590,L'ALMONT A MELUN 1,77288,F44-0400,L'Almont,2010-03-08,,2010-03-08
03053750,LE BETZ A BRANSLES 1,77050,F4298000,Le Betz,2010-03-08,,2010-03-08
03053880,LE LOING A CHATEAU-LANDON 1,77099,F4398000,L'Orvanne,2010-03-08,,2010-03-08
03053999,LE CANAL DU LOING A SOUPPES-SUR-LOING 1,77458,F4--3692,Canal du Loing,2008-05-15,,2017-01-20
03054000,LE LOING A SOUPPES-SUR-LOING 1,77458,F4--0200,Le Loing,2010-03-08,,2017-11-10
03054200,LE LOING A BAGNEAUX-SUR-LOING 1,77016,F4--0200,Le Loing,2010-03-08,,2020-03-23
03054220,LE LOING A BAGNEAUX-SUR-LOING 2,77016,F4--0200,Le Loing,2010-03-08,,2010-03-08
03054300,LE LOING A NEMOURS 2,77333,F4--0200,Le Loing,2010-03-08,,2020-03-23
03054320,LE CANAL DU LOING A SAINT-PIERRE-LES-NEMOURS 1,77431,F4--3692,Canal du Loing,2010-03-08,,2020-03-23
03054340,LE CANAL DU LOING A NEMOURS 1,77333,F4--3692,Canal du Loing,2010-03-08,,2020-03-23
03054400,LE LOING A NEMOURS 3,77333,F4--0200,Le Loing,2010-03-08,,2020-03-23
03054500,LE LOING A SAINT-PIERRE-LES-NEMOURS 1,77431,F4705000,Ru de l'Etang de Beuvron,2010-03-08,,2010-03-08
03054585,LE LOING A GREZ-SUR-LOING 1,77216,F4--0200,Le Loing,2010-03-08,,2020-03-23
03054600,LA CLAIRETTE A LA GENEVRAYE 1,77202,F48-0400,Le Reveillon,2012-01-03,,2017-03-21
03054660,LE LOING A EPISY 2,77316,F3--0200,L'Yonne,2010-03-08,,2024-10-29
03054715,LE LOING A EPISY 1,77316,F4--0200,Le Loing,2009-03-13,,2024-10-29
03055000,LE LOING A MORET-SUR-LOING 1,77316,F4--0200,Le Loing,2010-03-08,,2010-03-08
03055140,LE LOING A SAINT MAMMES 1,77419,F4446000,Ru d'Ancoeur,2021-12-20,,2021-12-20
03057280,LE FUSAIN A BEAUMONT-DU-GATINAIS 1,77027,F43-0400,Le Fusain,2010-03-08,,2020-03-23
03057985,LE FUSAIN A CHATEAU-LANDON 1,77099,F6248500,Ru Moreau,2010-03-08,,2010-03-08
03058000,LE FUSAIN A CHATEAU-LANDON 3,77099,F6630600,La Gondoire,2010-03-08,,2010-03-08
03058055,LE FUSAIN A CHATEAU-LANDON 4,77099,F43-0400,Le Fusain,2009-03-13,,2020-03-23
03058500,LE LUNAIN A BLENNES 1,77035,F4380600,Le Lunain,2010-03-08,,2020-03-23
03058671,LE LUNAIN A VAUX-SUR-LUNAIN 1,77489,F4380600,Le Lunain,2009-03-13,,2009-03-13
03058750,LE LUNAIN A LORREZ-LE-BOCAGE-PREAUX,77353,F48-0400,Le Reveillon,2010-12-16,,2011-12-13
03058800,LE LUNAIN A PALEY 1,77353,F4380600,Le Lunain,2010-03-08,,2020-03-24
03059000,LE LUNAIN A NONVILLE 1,77340,F4380600,Le Lunain,2010-03-08,,2017-11-10
03059480,LE LUNAIN A EPISY 1,77316,F4380600,Le Lunain,2010-03-08,,2024-10-29
03059880,L'ORVAL A BLENNES 1,77035,F4398500,L'Orval,2010-03-08,,2010-03-08
03059967,L'ORVANNE A BLENNES 1,77035,F4398000,L'Orvanne,2009-03-13,,2009-03-13
03060000,L'ORVANNE A BLENNES 2,77035,F4398000,L'Orvanne,2010-03-08,,2020-03-24
03060500,L'ORVANNE A THOURY-FEROTTES 1,77465,F4398000,L'Orvanne,2010-03-08,,2010-03-08
03060550,L'ORVANNE A THOURY-FEROTTES 3,77465,----0010,La Seine,2021-12-20,,2022-01-19
03060750,L'ORVANNE A DORMELLES 1,77161,F4398000,L'Orvanne,2010-03-08,,2020-03-24
03061000,L'ORVANNE A VILLECERF 1,77501,F4398000,L'Orvanne,2010-03-08,,2014-11-05
03061020,L'ORVANNE A VILLECERF 2,77501,F4398000,L'Orvanne,2010-03-08,,2020-03-24
03061185,L'ORVANNE A ECUELLES 1,77316,F4398000,L'Orvanne,2010-03-08,,2024-10-29
03065730,L'ESSONNE A BOULANCOURT 1,77046,F65-0400,Le Grand Morin,2012-08-22,,2012-08-22
03077596,LE RU DE L'ÉTANG DE BEUVRON A TOUQUIN 1,77469,F4705000,Ru de l'Etang de Beuvron,2010-01-25,,2012-01-03
03077645,L'YERRES A LE PLESSIS-FEU-AUSSOUX 1,77365,F4--0210,L'Yerres,2001-09-06,,2001-09-06
03077900,LE RU DE VALLOT A JOUY-LE-CHATEL 1,77239,F4710600,Ruisseau de la Visandre,2016-08-02,,2018-02-26
03077910,LE RUISSEAU DE LA VISANDRE A VOINSLES 1,77527,F4710600,Ruisseau de la Visandre,2010-03-08,,2010-03-08
03077949,LA VISANDRE A BANNOST VILLEGAGNON 1,77020,F4710600,Ruisseau de la Visandre,2009-03-17,,2011-09-13
03078000,L'YERRES A LUMIGNY-NESLES-ORMEAUX 1,77264,F2432000,Ru de l'Etang,2001-09-06,,2001-09-06
03078060,LE RU DES FONTAINES BLANCHES A BERNAY-VILBERT 1,77031,F4770600,La Marsange,2014-07-25,,2016-02-10
03078085,L'YERRES A BERNAY-VILBERT 1,77031,F4--3692,Canal du Loing,2010-03-08,,2010-03-08
03078110,L'YERRES A COURTOMER 1,77138,F4--0210,L'Yerres,2010-03-08,,2010-03-08
03078220,LE RU DE BRÉON A MARLES-EN-BRIE 1,77277,F4380600,Le Lunain,2010-03-08,,2010-03-08
03078250,LE RU DE BRÉON A FONTENAY-TRESIGNY 1,77192,F6585000,Ru du Mesnil,2001-09-06,,2001-09-06
03078265,LE RU DE BRÉON A CHAUMES-EN-BRIE 1,77107,F6585000,Ru du Mesnil,2010-03-08,,2010-03-08
03078274,LE RU DE BRÉON A CHAUMES-EN-BRIE 2,77107,F4750600,Ru de Breon,2009-03-27,,2018-08-22
03078285,L'YERRES A CHAUMES-EN-BRIE 1,77107,F2228000,Grande Noue,2010-03-08,,2010-03-08
03078293,L'YERRES A CHAUMES-EN-BRIE 2,77107,F6538000,Ru de Raboireau,2010-03-08,,2010-03-08
03078365,LE RU D'AVON A VERNEUIL-L'ETANG 1,77493,F4800600,Ru d'Avon,2009-03-13,,2009-03-13
03078385,LE RU D'AVON A YEBLES 1,77534,F4800600,Ru d'Avon,2010-03-08,,2010-03-08
03078486,LA MARSANGE A FAVIERES 1,77177,F4770600,La Marsange,2009-03-17,,2009-03-17
03078495,LE RU DES MONBARRES A GRETZ-ARMAINVILLIERS 1,77215,F6641000,Ru de Chantereine,2001-09-06,,2001-09-06
03078510,LA MARSANGE A PRESLES-EN-BRIE 1,77377,F4770600,La Marsange,2010-03-08,,2010-03-08
03078527,LA MARSANGE A OZOUER-LE-VOULGIS 1,77352,F4770600,La Marsange,2001-09-06,,2001-09-06
03078535,L'YERRES A OZOUER-LE-VOULGIS 1,77352,F4--0200,Le Loing,2001-09-06,,2001-09-06
03078600,L'YERRES A SOIGNOLLES-EN-BRIE 1,77455,F4--0210,L'Yerres,2001-09-06,,2001-09-06
03078630,LA BARBANCONNE A GRISY-SUISNES 2,77217,F4475000,Ru de la Mare aux Evees,2012-01-03,,2018-10-24
03078677,LA BARBANÇONNE A BRIE-COMTE-ROBERT 1,77053,F4446000,Ru d'Ancoeur,2009-03-13,,2009-03-13
03078832,LE RU DU CORNILLOT A BRIE-COMTE-ROBERT 1,77053,F4829000,Ru du Cornillot,2009-03-17,,2017-02-08
03078840,LE RU DU CORNILLOT A EVRY-GREGY-SUR-YERRE 1,77175,F2228000,Grande Noue,2001-09-06,,2001-09-06
03078910,LE RU DE LA RIGAUDE A COMBS-LA-VILLE 1,77122,F6610600,La Beuvronne,2024-06-10,,2024-06-10
03078920,L'YERRES A COMBS-LA-VILLE 1,77122,F4--0210,L'Yerres,2001-09-06,,2001-09-06
03079000,L'YERRES A COMBS-LA-VILLE 3,77122,F6410600,La Therouanne,2010-03-08,,2010-03-08
03079430,LE RU DE LA MÉNAGERIE A LESIGNY 1,77249,F4850600,Ru de la Menagerie,2010-03-08,,2014-09-08
03079469,LE RÉVEILLON A FEROLLES-ATTILLY 1,77180,F48-0400,Le Reveillon,2008-08-19,,2008-08-19
03079490,LE RÉVEILLON A SERVON 1,77450,F2302000,Ruisseau de la Traconne,2010-03-08,,2010-03-08
03079994,LE RU DE VALLIERE A LA CHAPELLE-IGER 1,77087,F4730600,L'Yvron,2016-08-02,,2018-02-26
03079996,L'YVRON A LA CROIX-EN-BRIE 1,77147,F4730600,L'Yvron,2009-03-17,,2009-03-17
03080000,L'YVRON A COURPALAY 1,77135,F24-0400,L'Auxence,2010-03-08,,2010-03-08
03080025,L'YVRON A COURPALAY 2,77135,F4730600,L'Yvron,2010-03-08,,2010-03-08
03081250,LE CANAL DE L'OURCQ A CLAYE SOUILLY 1,77118,F4429000,Ru du Chatelet,2012-10-04,,2014-01-28
03108890,LE RU DE MONTREUIL A STE-AULDE 1,77401,F4484500,Cours d'Eau 01 des Riberdouilles,2011-11-17,,2015-01-06
03109000,LA MARNE A LA FERTE-SOUS-JOUARRE 1,77183,F---0100,La Marne,2010-03-08,,2010-03-08
03109019,LE RU DES SIGNETS A SAMMERON 1,77440,F4484500,Cours d'Eau 01 des Riberdouilles,2010-11-29,,2011-07-04
03109130,LE RU DES SIGNETS A SAMMERON 2,77440,F2220600,Ruisseau des Meances,2014-07-25,,2017-06-07
03109150,LA MARNE A SAMMERON 1,77440,F4475000,Ru de la Mare aux Evees,2010-03-08,,2010-03-08
03109240,LE RU DES EFFANEAUX A USSY-SUR-MARNE 1,77478,F6254000,Ru de la Fonderie,2011-11-17,,2012-01-26
03109340,LE RU DE RUTEL A JAIGNES 2,77235,F23-0400,La Voulzie,2013-12-02,,2015-01-06
03109570,LA THÉROUANNE A OISSERY 1,77344,F24-0400,L'Auxence,2010-03-08,,2010-03-08
03109585,LA THÉROUANNE A FORFRY 1,77193,F6410600,La Therouanne,2009-03-13,,2009-03-13
03109590,LE RU DES AVERNES A FORFRY 1,77193,F6641000,Ru de Chantereine,2012-08-08,,2012-10-23
03109595,LE RU DE BREGY A OISSERY 1,77344,F6252000,Ru d'Avaleau,2013-11-28,,2013-11-28
03109597,LE RU DE BREGY A FORFRY 1,77193,F6431000,Ru de Rutel,2014-04-07,,2016-02-10
03109610,LA THÉROUANNE A FORFRY 2,77193,F44-0400,L'Almont,2010-03-08,,2010-03-08
03109640,LA THÉROUANNE A MARCILLY 1,77274,F2228000,Grande Noue,2010-03-08,,2015-12-07
03109650,LA THÉROUANNE A ETREPILLY 1,77173,F2220600,Ruisseau des Meances,2010-03-08,,2010-03-08
03109660,LA THÉROUANNE A CONGIS-SUR-THEROUANNE 1,77126,F6410600,La Therouanne,2001-09-12,,2001-09-12
03109805,LE RUISSEAU DE MANSIGNY A POINCY 1,77369,F4461000,Ru de Bouisy,2016-08-02,,2018-02-06
03109840,LA MARNE A TRILPORT 1,77475,F---0100,La Marne,2010-03-08,,2010-03-08
03109935,LE RU DES CYGNES A NANTEUIL-LES-MEAUX 1,77330,F6428000,Ru des Cygnes,2010-03-08,,2018-02-06
03110000,LA MARNE A MEAUX 1,77284,F4298000,Le Betz,2010-03-08,,2010-03-08
03110155,LE RU DE RUTEL A VILLENOY 2,77513,F2150600,Le Resson,2010-03-08,,2018-09-04
03110160,LE RUISSEAU DE RUTEL A VILLENOY 1,77513,F6431000,Ru de Rutel,2009-07-16,,2021-09-14
03110208,LA MARNE A MAREUIL-LES-MEAUX 1,77276,F4750600,Ru de Breon,2009-03-13,,2009-03-13
03110270,LA MARNE A ESBLY 1,77171,F6431000,Ru de Rutel,2010-03-08,,2010-03-08
03110590,ANNET-SUR-MARNE 1,77005,F48-0400,Le Reveillon,2010-03-08,,2010-03-08
03110840,LA GONDOIRE A GOUVERNES 1,77209,F6614000,La Reneuse,2010-03-08,,2010-03-08
03110855,LE RU DE LA BROSSE A BUSSY-SAINT-MARTIN 1,77059,F2310600,Ru de Barcq,2010-03-08,,2010-03-08
03110860,LE RU DE LA BROSSE A GOUVERNES 1,77209,F6248500,Ru Moreau,2010-03-08,,2010-03-08
03110863,LA GONDOIRE A SAINT-THIBAULT-DES-VIGNES 1,77438,F6630600,La Gondoire,2010-03-08,,2010-03-08
03111000,LA MARNE A TORCY 1,77468,F---0100,La Marne,2010-03-08,,2010-03-08
03111141,LE RU DE CHANTEREINE A BROU-SUR-CHANTEREINE 1,77055,F6641000,Ru de Chantereine,2009-03-13,,2009-03-13
03111142,LE RU DE CHANTEREINE A CHELLES 1,77108,F6641000,Ru de Chantereine,2009-03-13,,2009-03-13
03111203,LE RU DE MERDEREAU A CHAMPS SUR MARNE 2,77083,F6585000,Ru du Mesnil,2017-06-12,,2022-02-24
03111205,LE RU DE MERDEREAU A CHAMPS SUR MARNE 1,77083,F4484500,Cours d'Eau 01 des Riberdouilles,2012-08-08,,2021-07-20
03112218,LE MORBRAS A ROISSY-EN-BRIE 1,77390,F6645000,Le Morbras,2009-03-13,,2009-03-13
03112220,LE MORBRAS A PONTAULT-COMBAULT 2,77373,F4475000,Ru de la Mare aux Evees,2010-03-08,,2010-03-08
03112234,LE MORBRAS A ROISSY-EN-BRIE 2,77390,F6645000,Le Morbras,2009-12-04,,2009-12-04
03112256,LE MORBRAS A PONTAULT-COMBAULT 1,77373,F6248500,Ru Moreau,2009-03-27,,2009-03-27
03113610,LE PETIT MORIN A VERDELOT 1,77492,F62-0400,Le Petit Morin,2010-03-08,,2010-03-08
03113653,LE RU MOREAU A VERDELOT 1,77492,F6248500,Ru Moreau,2010-01-22,,2018-02-06
03113710,LE RU DE BELLOT A BELLOT 1,77030,F4475000,Ru de la Mare aux Evees,2013-08-01,,2015-06-02
03113735,LE PETIT MORIN A SABLONNIERES 1,77398,F6428000,Ru des Cygnes,2010-03-08,,2010-03-08
03113816,LE RU D'AVALEAU A SABLONNIERES 1,77398,F6252000,Ru d'Avaleau,2009-01-20,,2012-05-03
03113895,LE RU DE LA FONDERIE A ORLY-SUR-MORIN 1,77345,F6254000,Ru de la Fonderie,2010-01-22,,2018-02-06
03113900,LE PETIT MORIN A ORLY-SUR-MORIN 1,77345,F2412000,Fossé 01 de Champabon,2010-03-08,,2010-03-08
03113980,LE RU DE CHOISIEL A SAINT-CYR-SUR-MORIN 1,77405,F2412000,Fossé 01 de Champabon,2013-08-01,,2015-06-02
03114000,LE PETIT MORIN A SAINT-CYR-SUR-MORIN 2,77405,F62-0400,Le Petit Morin,2010-03-08,,2014-08-01
03114025,LE PETIT MORIN A JOUARRE 1,77238,F6248500,Ru Moreau,2010-03-08,,2010-03-08
03115840,LE RU DU RHONE A COULOMBS-EN-VALOIS 2,77129,F6384000,La Gergogne,2011-11-17,,2012-05-04
03115845,LE RU DU RHÔNE A COULOMBS-EN-VALOIS 1,77129,F---0100,La Marne,2010-03-08,,2010-03-08
03115915,RU DE LA CROIX HELENE A CROUY 1,77148,F4705000,Ru de l'Etang de Beuvron,2011-11-17,,2012-01-26
03115916,L'OURCQ A CROUY-SUR-OURCQ 2,77148,F63-0400,L'Ourcq,2007-06-20,,2007-06-20
03115950,L'OURCQ A OCQUERRE 2,77343,F62-0400,Le Petit Morin,2013-07-18,,2014-06-20
03115955,LA GERGOGNE A MAY-EN-MULTIEN 1,77283,F6384000,La Gergogne,2010-03-08,,2010-03-08
03115986,LE RU DE CHATON A OCQUERRE 1,77343,F4--0200,Le Loing,2012-11-30,,2013-01-28
03115990,L'OURCQ A OCQUERRE 1,77343,F63-0400,L'Ourcq,2010-03-08,,2010-03-08
03116000,L'OURCQ A LIZY-SUR-OURCQ 1,77257,F6641000,Ru de Chantereine,2010-03-08,,2010-03-08
03116820,LE RU DU VAL A MEILLERAY 1 ,77287,F6610600,La Beuvronne,2013-08-07,,2015-06-02
03117000,LE GRAND MORIN A MEILLERAY 1,77287,F4446000,Ru d'Ancoeur,2010-03-08,,2010-03-08
03117138,LE RU DE SAINT MARS A LA FERTE GAUCHER 1,77182,F6410600,La Therouanne,2015-09-28,,2015-09-28
03117280,LE GRAND MORIN A JOUY-SUR-MORIN 1,77240,F4--3692,Canal du Loing,2010-03-08,,2010-03-08
03117302,LE RU DE COURU A SAINT-REMY-LA-VANNE 1,77432,F4--0210,L'Yerres,2013-08-07,,2015-06-02
03117310,LE GRAND MORIN A SAINT-REMY-LA-VANNE 1,77432,F65-0400,Le Grand Morin,2010-03-08,,2010-03-08
03117440,LE VANNETIN A SAINT-SIMEON 1,77436,F6537000,Ru de Pietree,2010-03-08,,2011-09-13
03117530,LE RU DE RABOIREAU A SAINT-DENIS-LES-REBAIS 1,77406,F6645000,Le Morbras,2010-03-08,,2010-03-08
03117565,LE RU DE RABOIREAU A CHAUFFRY 1,77106,F6538000,Ru de Raboireau,2010-03-08,,2018-02-26
03117620,LE GRAND MORIN A CHAILLY-EN-BRIE 1,77070,F6538000,Ru de Raboireau,2010-03-08,,2010-03-08
03117720,LE RU DE FOSSE-ROGNON A DOUE 1,77162,F---0100,La Marne,2010-03-08,,2010-03-08
03117800,L'ORGEVAL A COULOMMIERS 2,77131,F6540600,Ru de l'Orgeval,2011-12-07,,2013-01-08
03117810,LE RU DE L'ORGEVAL A COULOMMIERS 1,77131,F2326000,Ru du Dragon,2010-03-08,,2011-12-06
03117830,LE GRAND MORIN A CHAILLY-EN-BRIE 2,77070,F2310600,Ru de Barcq,2010-03-08,,2010-03-08
03117905,LE RU DU LIETON A MOUROUX 1,77320,F4710600,Ruisseau de la Visandre,2013-08-20,,2015-06-02
03118000,LE GRAND MORIN A POMMEUSE 1,77371,F65-0400,Le Grand Morin,2010-03-08,,2010-03-08
03118150,LE GRAND MORIN A LA CELLE-SUR-MORIN 1,77063,F6254000,Ru de la Fonderie,2010-03-08,,2010-03-08
03118270,LE RU DE L'ETANG A LES MARETS 1,77275,F4750600,Ru de Breon,2015-08-06,,2017-06-28
03118300,LE GRAND MORIN A TIGEAUX 1,77466,F65-0400,Le Grand Morin,2010-03-08,,2010-03-08
03118545,LE RU DE LA FOSSE AUX COQS A CRECY-LA-CHAPELLE 1,77142,F6428000,Ru des Cygnes,2013-08-01,,2013-08-01
03118890,LE RU DU MESNIL A COUILLY-PONT-AUX-DAMES 1,77128,F6585000,Ru du Mesnil,2013-07-30,,2013-07-30
03118962,LE RU DE LOCHY A MONTRY 1,77315,F6586000,Ru de Lochy,2010-01-25,,2010-01-25
03119000,LE GRAND MORIN A MONTRY 1,77315,F65-0400,Le Grand Morin,2010-03-08,,2010-03-08
03119095,LE RU DE VOLMEROT A AUGERS EN BRIE 1,77012,F4750600,Ru de Breon,2015-09-28,,2015-09-28
03119150,L'AUBETIN A AUGERS-EN-BRIE 1,77012,F6641000,Ru de Chantereine,2010-03-08,,2010-03-08
03119251,L'AUBETIN A VILLIERS-SAINT-GEORGES 2,77519,F4750600,Ru de Breon,2009-03-13,,2009-03-13
03119400,L'AUBETIN A FRETOY 1,77197,F2310600,Ru de Barcq,2010-03-08,,2010-03-08
03119560,LE RU DE CHEVRU A AMILLIS 1,77002,F4398000,L'Orvanne,2016-08-02,,2018-02-26
03119590,L'AUBETIN A AMILLIS 1,77002,F65-0410,L'Aubetin,2010-03-08,,2010-03-08
03119670,LE RU MACLIN A SAINTS 1,77433,F2432000,Ru de l'Etang,2012-01-03,,2012-10-22
03120000,L'AUBETIN A POMMEUSE 1,77371,F65-0410,L'Aubetin,2010-03-08,,2010-03-08
03120350,LA BEUVRONNE A NANTOUILLET 1,77332,F6610600,La Beuvronne,2010-03-08,,2010-03-08
03120550,LA BIBERONNE A VILLENEUVE-SOUS-DAMMARTIN 1,77511,F4850600,Ru de la Menagerie,2010-03-08,,2015-08-27
03120685,LA BIBERONNE A COMPANS 1,77123,F6612000,La Biberonne,2010-03-08,,2010-03-08
03120800,LA BEUVRONNE A GRESSY 1,77214,F6610600,La Beuvronne,2010-03-08,,2010-03-08
03120900,LA RENEUSE A GRESSY 1,77214,F6614000,La Reneuse,2010-03-08,,2010-03-08
03120980,LA BEUVRONNE A ANNET-SUR-MARNE 1,77005,F6610600,La Beuvronne,2010-03-08,,2010-03-08
03121000,FRESNES-SUR-MARNE 1,77196,F4--0200,Le Loing,2010-03-08,,2010-03-08
03121028,LE RUISSEAU DE LA BEUVRONNE A FRESNES-SUR-MARNE 1,77196,F6610600,La Beuvronne,2009-03-27,,2009-03-27
03121280,LE RU DES CERCEAUX A MITRY-MORY 1,77294,F6252000,Ru d'Avaleau,2010-03-08,,2010-03-08
03121398,LE RU DES CERCEAUX A GRESSY 1,77214,F24-0400,L'Auxence,2009-03-13,,2009-03-13
03167359,LE COURS D'EAU NUMÉRO 03 DE LA COMMUNE D'EVE A OTHIS 1,77349,H2218450,Cours d'Eau 03 de la Commune d'Eve,2009-03-13,,2020-11-03
03276648,LE CANAL DE MEAUX À CHALIFERT A CHALIFERT 1,77075,F2432000,Ru de l'Etang,2006-03-28,,2024-04-14
CZ000490,NANTEUIL LES MEAUX 2,77330,F4730600,L'Yvron,2019-03-18,,2019-03-18
CZ000764,ANNET SUR MARNE 1,77005,F4829000,Ru du Cornillot,2019-03-18,,2019-03-18
CZ001032,CHAMPAGNE SUR SEINE 1,77079,F2228000,Grande Noue,2019-03-18,,2019-03-18
F3599913,Gravière les Seiglats,77061,F6248500,Ru Moreau,2008-01-01,,2024-10-30
F3599923,Gravière les Gravelottes,77061,F4750600,Ru de Breon,2008-01-01,,2024-10-30
F3599953,Gravière la Maserotte,77061,F4484500,Cours d'Eau 01 des Riberdouilles,2008-01-01,,2024-10-30
F4009323,Base de loisirs de la Grande-Paroisse,77210,F4--0210,L'Yerres,2008-01-01,,2024-10-30
F4776203,Etang d'Armainvilliers,77215,F6538000,Ru de Raboireau,2008-01-01,,2024-10-30
F6629043,Base de plein air et de loisirs de Jablines,77005,F4730600,L'Yvron,2008-01-01,,2024-10-30
F6649423,Base de Vaires-sur-Marne,77479,H2218450,Cours d'Eau 03 de la Commune d'Eve,2008-01-01,,2020-10-09
03070753,L'ORGE A SAINT-MARTIN-DE-BRETHENCOURT 1,78564,H42-0410,La Vesgre,2006-09-11,,2006-09-11
03071000,L'ORGE A SAINTE-MESME 1,78569,F4652000,Ru des Vaux,2010-03-08,,2010-03-08
03071012,LA GIRONDE A STE MESME 1,78569,H3068100,Ru de Senneville,2013-12-05,,2021-07-30
03071017,LA GIRONDE A STE MESME 2,78569,H4120600,La Guesle,2016-10-13,,2016-10-13
03074000,LA RÉMARDE A SAINT-ARNOULT-EN-YVELINES 1,78537,F46-0420,L'Yvette,2010-03-08,,2010-03-08
03074200,LA RÉMARDE A LONGVILLIERS 2,78349,H3010600,L'Aubette,2010-03-08,,2010-03-08
03074214,LA RABETTE A ROCHEFORT-EN-YVELINES 1,78522,F4625000,La Gloriette,2012-01-26,,2015-10-20
03074800,LA GLORIETTE A LONGVILLIERS 2,78349,F4625000,La Gloriette,2010-03-08,,2015-10-20
03074820,L'AULNE A LONGVILLIERS 1,78349,F46-0420,L'Yvette,2017-03-16,,2017-03-16
03075700,L'YVETTE A DAMPIERRE-EN-YVELINES 1,78193,H3072000,Ru d'Ouville,2010-03-08,,2010-03-08
03075790,LE RU DES VAUX A AUFFARGIS 1,78030,F46-0420,L'Yvette,2010-03-08,,2010-03-08
03075860,LE RU DES VAUX A SENLISSE 1,78590,F4652000,Ru des Vaux,2010-03-08,,2010-03-08
03075890,LE POMMERET A LEVIS ST NOM 1,78334,H3052000,Ru de Gally,2012-03-08,,2015-10-20
03075913,L'YVETTE A SAINT-FORGET 1,78548,H3039100,La Guyonne,2006-02-21,,2012-09-19
03076000,L'YVETTE A CHEVREUSE 2,78160,F46-0420,L'Yvette,2010-03-08,,2010-03-08
03076002,LE RU D'ÉCOSSE BOUTON A CHEVREUSE 1,78160,F4653000,Ru d'Ecosse Bouton,2009-01-05,,2016-03-21
03076047,LE RUISSEAU DE MONTABÉ A SAINT-REMY-LES-CHEVREUSE 1,78575,H3074000,La Flexanville,2006-02-21,,2015-10-20
03076080,LE RHODON A MILON-LA-CHAPELLE 1,78406,H3068000,Ru de Fontenay,2010-03-08,,2010-03-08
03076148,LE RHODON A MILON-LA-CHAPELLE 2,78406,F4656000,Le Rhodon,2008-05-14,,2008-05-14
03076180,LE RHODON A SAINT-REMY-LES-CHEVREUSE 1,78575,F4652000,Ru des Vaux,2001-09-06,,2012-01-04
03076220,L'YVETTE A SAINT-REMY-LES-CHEVREUSE 1,78575,F46-0420,L'Yvette,2001-09-06,,2001-09-06
03076350,LA MERANTAISE A MAGNY-LES-HAMEAUX 1,78356,F4652000,Ru des Vaux,2001-09-06,,2024-03-22
03076387,LA MERANTAISE A CHATEAUFORT 2,78143,H3075150,Ru Morand,2009-01-05,,2024-03-24
03084000,LA SEINE A CROISSY-SUR-SEINE 2,78190,H3052000,Ru de Gally,2010-03-08,,2010-03-08
03084110,CROISSY-SUR-SEINE 1,78190,H4070600,La Remarde,2010-03-08,,2010-03-08
03084169,LE RU DE BUZOT A FOURQUEUX 1,78551,H3010600,L'Aubette,2014-09-25,,2024-10-29
03084470,LA SEINE A MAISONS-LAFFITTE 1,78358,----0010,La Seine,1971-01-01,,1971-01-01
03085000,LA SEINE A CONFLANS-SAINTE-HONORINE 1,78172,----0010,La Seine,2000-10-20,,2000-10-20
03121600,LA BIEVRE A GUYANCOURT 2,78297,H42-0410,La Vesgre,2021-11-08,,2021-11-08
03121712,LA BIÈVRE A GUYANCOURT 1,78297,H4116000,La Gueville,2006-02-21,,2006-02-21
03122000,LA BIÈVRE A BUC 4,78117,F4653000,Ru d'Ecosse Bouton,2010-03-08,,2010-03-08
03122103,LA BIÈVRE A LES LOGES-EN-JOSAS 1,78343,F4625000,La Gloriette,2006-02-22,,2006-02-22
03122274,LE RU DE SAINT MARC A JOUY-EN-JOSAS 1,78322,H3049000,Ru Maldroit,2006-02-22,,2012-03-21
03122509,LA BIÈVRE A JOUY-EN-JOSAS 1,78322,H3072000,Ru d'Ouville,2006-02-21,,2006-02-21
03122625,LE RU DU BOIS ROBERT A GUYANCOURT 1,78297,F4656000,Le Rhodon,2021-11-08,,2021-11-08
03122630,LA RIGOLE DE GUYANCOURT A GUYANCOURT 1,78297,F46-0420,L'Yvette,2021-11-08,,2021-11-08
03125000,LA SEINE A POISSY 1,78498,----0010,La Seine,2010-03-08,,2010-03-08
03125500,LA SEINE A TRIEL-SUR-SEINE 1,78624,----0010,La Seine,2010-03-08,,2010-03-08
03125890,LE RUISSEAU D'ORGEVAL A MORAINVILLIERS 1,78431,F46-0420,L'Yvette,2010-03-08,,2010-03-08
03125925,LE RUISSEAU D'ORGEVAL A CHAPET 1,78140,H3007000,Ruisseau d'Orgeval,2010-03-08,,2011-12-07
03126000,LA SEINE A MEULAN 1,78401,----0010,La Seine,2010-03-08,,2010-03-08
03126050,L'AUBETTE A TESSANCOURT-SUR-AUBETTE 1,78609,H30-4901,Bras du Blanc Soleil,2010-03-08,,2017-06-27
03126055,L'AUBETTE A TESSANCOURT-SUR-AUBETTE 2,78609,H3010600,L'Aubette,2010-03-08,,2010-03-08
03126058,L'Aubette à Hardricourt 1,78299,H30-4901,Bras du Blanc Soleil,2010-12-16,,2012-06-07
03126062,LA MONTCIENT A SAILLY 1,78536,----0010,La Seine,2010-03-08,,2010-03-08
03126068,LA MONTCIENT A OINVILLE-SUR-MONTCIENT 1,78460,H3068000,Ru de Fontenay,2010-03-08,,2010-03-08
03126088,LA MONTCIENT A GAILLON-SUR-MONTCIENT 1,78261,H3018000,La Montcient,2010-03-08,,2010-03-08
03126160,AUBERGENVILLE 1,78029,H4070600,La Remarde,2010-03-08,,2010-03-08
03126510,LA SEINE A GARGENVILLE 1,78267,H4116000,La Gueville,2010-03-08,,2010-03-08
03126511,LA SEINE A GARGENVILLE 2,78267,H30-4901,Bras du Blanc Soleil,2001-11-16,,2020-10-02
03126700,LE RU DE FONTENAY A FONTENAY-SAINT-PERE 2,78246,H3018000,La Montcient,2010-03-08,,2022-01-24
03126704,LE RU DE SENNEVILLE A GUERVILLE 1,78291,H3068100,Ru de Senneville,2008-05-15,,2008-05-15
03127000,LA SEINE A MANTES-LA-JOLIE 1,78361,H4070600,La Remarde,2010-03-08,,2010-03-08
03127001,LE RU DE FONTENAY A ISSOU 1,78314,H3068000,Ru de Fontenay,2006-06-28,,2015-02-02
03127230,LE COURS D'EAU NUMÃRO 01 DE LA COMMUNE DE BOISSY-MAUVOISISN,78484,H4120600,La Guesle,2010-03-08,,2010-03-08
03127235,LE RU DE BLERY A ROSNY-SUR-SEINE 1,78531,H3080650,Cours d'Eau 01 de la Commune de Boissy-Mauvoisisn,2010-03-08,,2015-02-02
03127370,LA SEINE A MERICOURT 4,78391,----0010,La Seine,2010-03-08,,2017-10-18
03128000,LA SEINE A BONNIERES-SUR-SEINE 1,78089,----0010,La Seine,2010-03-08,,2010-03-08
03141490,L'OISE A CONFLANS-SAINTE-HONORINE 1,78172,H---0100,L'Oise,2001-09-07,,2001-09-07
03168130,LA MAULDRE A SAINT-REMY-L'HONORE 2,78576,F4656000,Le Rhodon,2001-09-12,,2001-09-12
03168230,LA MAULDRE A LE TREMBLAY-SUR-MAULDRE 1,78623,H30-0400,La Mauldre,2001-09-12,,2001-09-12
03168325,LE RU DE MAUREPAS A JOUARS-PONTCHARTRAIN 1,78321,H3010600,L'Aubette,2010-03-08,,2010-03-08
03168335,LE RU D'ÉLANCOURT A JOUARS-PONTCHARTRAIN 1,78321,H3049000,Ru Maldroit,2010-03-08,,2010-03-08
03168337,LE RU D'ÉLANCOURT A JOUARS-PONTCHARTRAIN 2,78321,H3033000,Ru d'Elancourt,2010-03-08,,2010-03-08
03168400,LE RU D'ÉLANCOURT A NEAUPHLE-LE-VIEUX 1,78443,H4279000,L'Opton,2001-09-12,,2001-09-12
03168410,LE GUYON A BAZOCHES-SUR-GUYONNE 2,78050,H---0100,L'Oise,2001-09-12,,2001-09-12
03168420,LA GUYONNE A BAZOCHES-SUR-GUYONNE 1,78050,----0010,La Seine,2001-09-12,,2001-09-12
03168435,LA GUYONNE A MAREIL-LE-GUYON 1,78366,H3039100,La Guyonne,2010-03-08,,2010-03-08
03168500,LE RUISSEAU DU LIEUTEL A BOISSY-SANS-AVOIR 1,78084,H3074000,La Flexanville,2010-03-08,,2010-03-08
03168550,LE RU DU BREUIL A GARANCIERES 1,78265,H3007000,Ruisseau d'Orgeval,2010-03-08,,2010-03-08
03168590,LE RU DE BREUIL A BOISSY-SANS-AVOIR 1,78084,H3039100,La Guyonne,2010-03-08,,2010-03-08
03168620,LE RUISSEAU DU LIEUTEL A VICQ 1,78653,H42-0410,La Vesgre,2010-03-08,,2010-03-08
03168690,LE RUISSEAU DU LIEUTEL A NEAUPHLE-LE-VIEUX 1,78443,H3038000,Ruisseau du Lieutel,2010-03-08,,2010-03-08
03168750,LA MAULDRE A BEYNES 1,78062,H3074000,La Flexanville,2010-03-08,,2010-03-08
03168890,LE RU MALDROIT A BEYNES 1,78062,H3049000,Ru Maldroit,2010-03-08,,2014-09-08
03168995,LA MAULDRE A BEYNES 3,78062,H30-0400,La Mauldre,2010-03-08,,2014-06-10
03169000,LA MAULDRE A BEYNES 5,78062,H30-4901,Bras du Blanc Soleil,2010-03-08,,2010-03-08
03169500,LA MAULDRE A MAREIL-SUR-MAULDRE 1,78368,H3075150,Ru Morand,2001-09-12,,2001-09-12
03169991,LE RU DE GALLY A FONTENAY LE FLEURY 1,78242,H3033000,Ru d'Elancourt,2014-04-08,,2014-04-08
03170000,LA MAULDRE A NEZEL 1,78451,H3038000,Ruisseau du Lieutel,2010-03-08,,2010-03-08
03170100,LA MAULDRE A EPONE 1,78217,H30-0400,La Mauldre,2010-03-08,,2017-03-16
03171000,LE RU DE GALLY A THIVERVAL-GRIGNON 1,78615,H3074000,La Flexanville,2001-09-12,,2001-09-12
03171085,LE RU DE GALLY A CRESPIERES 1,78189,H3052000,Ru de Gally,2010-03-08,,2016-03-22
03171200,LA VAUCOULEURS A MONTCHAUVET 1,78417,F4652000,Ru des Vaux,2010-03-08,,2010-03-08
03171304,LE RU D'OUVILLE A MONTCHAUVET 1,78417,H3072000,Ru d'Ouville,2009-12-03,,2015-02-02
03171350,LA VAUCOULEURS A COURGENT 2,78185,F4625000,La Gloriette,2010-03-08,,2015-02-17
03171390,LA VAUCOULEURS A SEPTEUIL 1,78591,H3052000,Ru de Gally,2010-03-08,,2010-03-08
03171680,LA FLEXANVILLE A SEPTEUIL 1,78591,H4279000,L'Opton,2010-03-08,,2015-12-07
03171770,LA FLEXANVILLE A SEPTEUIL 2,78591,H3074000,La Flexanville,2010-03-08,,2010-03-08
03171880,LA VAUCOULEURS A VILLETTE 2,78677,H3070600,La Vaucouleurs,2010-03-08,,2010-03-08
03171885,LE RU MORAND A VERT 1,78647,H3075150,Ru Morand,2012-10-16,,2014-01-28
03172000,LA VAUCOULEURS A MANTES-LA-JOLIE 1,78361,H3070600,La Vaucouleurs,2010-03-08,,2017-03-16
03172001,LA VAUCOULEURS A MANTES-LA-VILLE 2,78362,H3007000,Ruisseau d'Orgeval,2010-03-08,,2010-03-08
03172251,LE TILLY ROUTE DE GISORS 1,78618,H3072000,Ru d'Ouville,2022-07-19,,2022-07-19
03189300,LE PERRAY A PRUNAY-EN-YVELINES 1,78506,H4070600,La Remarde,2009-01-28,,2009-01-28
03189460,LA DROUETTE A ORCEMONT 1,78464,H3010600,L'Aubette,2015-10-19,,2015-12-16
03189490,LA DROUETTE A EMANCE 1,78209,H41-0400,La Drouette,2010-03-08,,2015-11-13
03189515,LA GUEVILLE A GAZERAN 1,78269,H3033000,Ru d'Elancourt,2015-10-01,,2015-10-19
03189525,LA GUÉVILLE A SAINT-HILARION 1,78557,H4116000,La Gueville,2010-03-08,,2010-03-08
03189615,GUESLE A POIGNY-LA-FORET 1,78497,H4275500,Le Sausseron,2015-09-30,,2015-09-30
03189630,LA GUESLE A HERMERAY 1,78307,H4120600,La Guesle,2010-03-08,,2010-03-08
03189642,LA GUESLE A RAIZEUX 1,78516,H4120600,La Guesle,2008-05-15,,2015-11-13
03190412,LE RU DE LA CHESNAIE A ADAINVILLE 1,78006,H4275500,Le Sausseron,2015-10-22,,2015-10-22
03190470,LA VESGRE A ADAINVILLE 1,78006,H3068000,Ru de Fontenay,2015-10-22,,2015-10-22
03190489,LA VESGRE A BOURDONNE 1,78096,H42-0410,La Vesgre,2008-05-14,,2008-05-14
03190545,GRAPELIN A GAMBAISEUIL 1,78264,F4652000,Ru des Vaux,2015-10-22,,2015-10-22
03190610,LA VESGRE A GAMBAIS 1,78263,H42-0410,La Vesgre,2010-03-08,,2015-10-22
03190621,LE MOQUE-SOURIS A GAMBAIS 1,78263,H4275050,Fossé 02 de la Commune de Gambais,2009-12-04,,2015-11-19
03190636,LE SAUSSERON A MAULETTE 1,78381,H4275500,Le Sausseron,2008-05-14,,2015-10-22
03190685,L OPTON A MAULETTE 1,78381,H3018000,La Montcient,2015-10-22,,2015-12-18
03190719,L'OPTON A HOUDAN 1,78310,H4279000,L'Opton,2008-05-14,,2008-05-14
03190725,LA VESGRE A HOUDAN 1,78310,H42-0410,La Vesgre,2010-03-08,,2010-03-08
F4655513,Etang de Saint-Hubert,78486,H30-4901,Bras du Blanc Soleil,2008-01-01,,2020-10-09
F4655523,Etang de Pourras,78486,H3080650,Cours d'Eau 01 de la Commune de Boissy-Mauvoisisn,2008-01-01,,2024-10-30
F4655533,Etang de Corbet,78108,H3049000,Ru Maldroit,2008-01-01,,2020-10-09
F7015103,Etang de Saint-Quentin,78621,----0010,La Seine,2008-01-01,,2024-10-30
H3005533,Base de loisirs du Val-de-Seine Etang du Rouillard,78642,H4116000,La Gueville,2008-01-01,,2024-10-30
H3009503,Etang du Gallardon,78642,F4625000,La Gloriette,2008-01-01,,2020-10-09
H3009523,Etang de la Grosse Pierre,78642,H3033000,Ru d'Elancourt,2008-01-01,,2024-10-30
H3009563,Etang du Rouillard,78642,H3072000,Ru d'Ouville,2008-01-01,,2020-10-09
H3089403,Base de plein air et de loisirs de Moisson-Mousseaux,78410,H3070600,La Vaucouleurs,2008-01-01,,2020-10-09
03047445,L'ÉCOLE A ONCY-SUR-ECOLE 1,91463,F4480600,L'Ecole,2010-03-08,,2010-03-08
03047490,L'ÉCOLE A MOIGNY-SUR-ECOLE 2,91408,F4603000,Ruisseau des Hauldres,2010-03-08,,2010-03-08
03047525,L'ÉCOLE A DANNEMOIS 1,91195,F4603000,Ruisseau des Hauldres,2010-03-08,,2010-03-08
03048670,MORSANG-SUR-SEINE 1,91435,F4629000,Ruisseau de Predecelle,2010-03-08,,2010-03-08
03048950,LE RU DES FLAMOUCHES A SAINTRY SUR SEINE 1,91577,F45-0420,La Juine,2021-03-15,,2021-03-15
03049000,LA SEINE A CORBEIL-ESSONNES 1,91174,F46-0410,La Rémarde,2010-03-08,,2010-03-08
03049001,LE RUISSEAU DES PRÉS HAUTS A SAINT-GERMAIN-LES-CORBEIL 1,91553,F4634000,La Charmoise,2009-02-26,,2009-02-26
03049198,LE RUISSEAU DES PRÉS HAUTS A SAINT-GERMAIN-LES-CORBEIL 2,91553,F45-0420,La Juine,2009-02-26,,2024-04-19
03049800,LE RUISSEAU DES HAULDRES A TIGERY 2,91617,F4645000,La Salmouille,2010-03-08,,2010-03-08
03049813,LE RUISSEAU DES HAULDRES A TIGERY 1,91617,F4645000,La Salmouille,2009-03-13,,2009-03-13
03049850,LE RU DE MADEREAU A ETIOLLES 1,91225,F4603600,Le Madereau,2015-09-30,,2015-09-30
03050000,LE RUISSEAU DES HAULDRES A ETIOLLES 1,91225,F4603000,Ruisseau des Hauldres,2010-03-08,,2010-03-08
03061660,LA SEINE A RIS-ORANGIS 1,91521,----0010,La Seine,2010-03-08,,2010-03-08
03061860,VIRY-CHATILLON 1,91687,F4--0210,L'Yerres,2010-03-08,,2010-03-08
03062000,LA SEINE A JUVISY-SUR-ORGE 1,91326,F4634000,La Charmoise,2010-03-08,,2010-03-08
03063220,VIGNEUX-SUR-SEINE 1,91657,F7019000,Ruisseau de Vauhalan,2010-03-08,,2010-03-08
03065960,LA VELVETTE A BOIGNEVILLE 2,91069,F4529000,La Velvette,2010-03-08,,2015-02-02
03066000,L'ESSONNE A BUNO-BONNEVAUX 2,91121,F45-0400,L'Essonne,2010-03-08,,2017-03-16
03066305,L'ESSONNE A BUNO-BONNEVAUX 3,91121,F4603600,Le Madereau,2022-03-31,,2022-03-31
03066490,L'ESSONNE A MAISSE 1,91359,F4592000,Ru Misery,2009-01-16,,2017-06-27
03066650,L'ESSONNE A MAISSE 2,91359,F46-0410,La Rémarde,2010-03-08,,2017-06-27
03066980,L'ESSONNE A BOUTIGNY SUR ESSONNE 3 ,91099,F4659000,La Merantaise,2022-03-31,,2022-03-31
03067000,L'ESSONNE A BOUTIGNY-SUR-ESSONNE 1,91099,F7019000,Ruisseau de Vauhalan,2010-03-08,,2010-03-08
03067450,L'ESSONNE A BOUTIGNY-SUR-ESSONNE 2,91099,F4529000,La Velvette,2001-09-06,,2001-09-06
03067600,L'ESSONNE A GUIGNEVILLE-SUR-ESSONNE 2,91293,F46-0420,L'Yvette,2010-03-08,,2010-03-08
03067796,LE RU DU HAUT A CERNY,91129,F4629000,Ruisseau de Predecelle,2015-02-02,,2015-02-02
03067798,LE RU DU BAS A CERNY 1,91129,F4567000,L'Eclimont,2015-02-02,,2015-02-02
03068000,L'ESSONNE A CERNY 1,91129,F4629000,Ruisseau de Predecelle,2010-03-08,,2010-03-08
03068038,LE COURS D'EAU NUMÉRO 01 DE BOIGNY A BAULNE 1,91047,F4480600,L'Ecole,2006-06-27,,2006-06-27
03068040,L'ESSONNE A BAULNE 1,91047,F46-0420,L'Yvette,2010-03-08,,2010-03-08
03068060,L'ESSONNE A ITTEVILLE 2,91315,F45-0420,La Juine,2010-03-08,,2010-03-08
03068120,L'ESSONNE A BALLANCOURT-SUR-ESSONNE 2,91045,F4567000,L'Eclimont,2010-03-08,,2010-03-08
03068170,LA JUINE A MEREVILLE 3,91390,F4659000,La Merantaise,2010-03-08,,2010-03-08
03068270,L'ÉCLIMONT A SAINT-CYR-LA-RIVIERE 1,91544,F4529000,La Velvette,2001-09-06,,2001-09-06
03068280,LE RUISSEAU LA MARETTE A SACLAS 1,91533,F4567000,L'Eclimont,2014-09-02,,2014-09-02
03068303,L'ÉCLIMONT A BOISSY-LA-RIVIERE 1,91079,F4567000,L'Eclimont,2008-12-30,,2016-09-29
03068310,LA JUINE A ORMOY-LA-RIVIERE 1,91469,F45-0420,La Juine,2010-03-08,,2010-03-08
03068560,LA CHALOUETTE A ETAMPES 1,91223,F4570600,La Chalouette,2010-03-08,,2010-03-08
03068650,LA LOUETTE A ETAMPES 1,91223,F4529000,La Velvette,2010-03-08,,2010-03-08
03068800,LA JUINE A MORIGNY-CHAMPIGNY 1,91433,F45-0420,La Juine,2001-09-06,,2001-09-06
03068880,LA JUINE A JANVILLE-SUR-JUINE 1,91318,----0010,La Seine,2010-03-08,,2010-03-08
03068920,LA JUINE A SAINT-VRAIN 1,91579,F70-0400,La Bievre,2010-03-08,,2010-03-08
03068950,LA JUINE A SAINT-VRAIN 2,91579,F45-0420,La Juine,2010-03-08,,2010-03-08
03069000,L'ESSONNE A BALLANCOURT-SUR-ESSONNE 3,91045,F45-0400,L'Essonne,2001-09-06,,2001-09-06
03069231,LE RU MISERY A VERT-LE-GRAND 1,91648,F4592000,Ru Misery,2009-04-24,,2009-04-24
03069325,LE RU MISERY A VERT-LE-PETIT 1,91649,F4592000,Ru Misery,2010-03-08,,2010-03-08
03069650,L'ESSONNE A ECHARCON 1,91204,F4567000,L'Eclimont,2010-03-08,,2010-03-08
03069775,L'ESSONNE A MENNECY 3,91386,F4592000,Ru Misery,2010-03-08,,2010-03-08
03070000,L'ESSONNE A ORMOY 1,91468,F70-0400,La Bievre,2010-03-08,,2010-03-08
03070300,L'ESSONNE A CORBEIL-ESSONNES 3,91174,F4480600,L'Ecole,2010-03-08,,2010-03-08
03070440,L'ESSONNE A CORBEIL-ESSONNES 4,91174,F45-0400,L'Essonne,2010-03-08,,2019-08-14
03071055,L'ORGE A DOURDAN 3,91200,F7019000,Ruisseau de Vauhalan,2013-12-05,,2014-03-31
03071080,L'ORGE A SERMAISE 2,91593,F46-0400,L'Orge,2010-03-08,,2011-12-08
03071145,L'ORGE A SAINT-CHERON 1,91540,F46-0420,L'Yvette,2006-09-11,,2006-09-11
03071150,L'ORGE A SAINT-CHERON 2,91540,F4567000,L'Eclimont,2009-01-15,,2009-01-15
03071170,L'ORGE A BREUX-JOUY 1,91106,F46-0400,L'Orge,2010-03-08,,2010-03-08
03071215,LA RENARDE A VILLECONIN 1,91662,F46-0400,L'Orge,2006-09-11,,2021-07-30
03071350,LA BOËLLE A SAINT-YON 1,91581,F4619401,La Boelle,2010-03-08,,2010-03-08
03071394,LA RENARDE A BREUILLET 1,91105,F4619401,La Boelle,2009-01-28,,2017-03-20
03071415,L'ORGE A BREUILLET 2,91105,F7019000,Ruisseau de Vauhalan,2006-09-11,,2006-09-11
03071499,LA VIDANGE A EGLY 1,91207,F4570600,La Chalouette,2006-09-12,,2006-09-12
03071500,L'ORGE A EGLY 3,91207,F4567000,L'Eclimont,2009-02-02,,2012-03-08
03071510,L'ORGE A EGLY 4,91207,F4668000,Le Rouillon,2010-03-08,,2010-03-08
03071530,L'ORGE A ARPAJON 1,91021,F4480600,L'Ecole,2006-06-27,,2006-06-27
03071550,L'ORGE A SAINT-GERMAIN-LES-ARPAJON 1,91552,F46-0400,L'Orge,2001-09-06,,2001-09-06
03071560,LA BRETONNIERE A SAINT-GERMAIN-LES-ARPAJON 1,91552,F4619401,La Boelle,2007-01-17,,2012-11-28
03071650,LA BOËLE DE LEUVILLE A LEUVILLE-SUR-ORGE 1,91333,F45-0400,L'Essonne,2006-06-27,,2013-10-01
03071670,L'ORGE A BRETIGNY-SUR-ORGE 2,91103,F45-0400,L'Essonne,2006-06-27,,2006-06-27
03071750,LA SALEMOUILLE A MARCOUSSIS 2,91363,----0010,La Seine,2021-09-06,,2021-09-06
03071770,LA SALMOUILLE A LONGPONT-SUR-ORGE 1,91347,F4645000,La Salmouille,2001-09-06,,2001-09-06
03071780,LA SALMOUILLE A LONGPONT-SUR-ORGE 2,91347,F4668000,Le Rouillon,2006-06-27,,2006-06-27
03071810,LE BLUTIN A BRETIGNY-SUR-ORGE 1,91103,F4659000,La Merantaise,2006-06-27,,2013-10-01
03071830,L'ORGE A SAINT-MICHEL-SUR-ORGE 2,91570,F4529000,La Velvette,2006-06-27,,2006-06-27
03071843,LE RU DE FLEURY A SAINT MICHEL SUR ORGE 1,91570,F46-0410,La Rémarde,2021-09-06,,2021-09-06
03071850,LA BOËLE A SAINT-MICHEL-SUR-ORGE 1,91570,F4603000,Ruisseau des Hauldres,2006-06-27,,2006-06-27
03071880,L'ORGE A LONGPONT-SUR-ORGE 2,91347,F4629000,Ruisseau de Predecelle,2001-09-06,,2001-09-06
03071890,L'ORGE A SAINT-MICHEL-SUR-ORGE 1,91570,F4603600,Le Madereau,2001-09-06,,2001-09-06
03071900,LE MORT RU A VILLIERS-SUR-ORGE 1,91685,F4603600,Le Madereau,2006-06-27,,2012-11-28
03071980,LA BOËLE ST MICHEL A SAINTE-GENEVIEVE-DES-BOIS 1,91549,F46-0400,L'Orge,2006-06-27,,2013-10-01
03071990,L'ORGE A SAINTE-GENEVIEVE-DES-BOIS 1,91549,F70-0400,La Bievre,2006-06-27,,2006-06-27
03072000,L'ORGE A VILLEMOISSON-SUR-ORGE 2,91667,F45-0400,L'Essonne,2001-09-06,,2001-09-06
03072200,L'ORGE A VILLEMOISSON-SUR-ORGE 1,91667,F46-0400,L'Orge,2006-06-27,,2006-06-27
03073000,L'ORGE A SAVIGNY-SUR-ORGE 1,91589,F46-0400,L'Orge,2010-03-08,,2010-03-08
03073200,L'ORGE A VIRY-CHATILLON 1,91687,F7019000,Ruisseau de Vauhalan,2006-06-27,,2006-06-27
03073300,L'ORGE A JUVISY-SUR-ORGE 1,91326,F4603600,Le Madereau,2006-06-27,,2006-06-27
03073330,L'ORGE A ATHIS-MONS 1,91027,F4645000,La Salmouille,2006-06-27,,2006-06-27
03073350,L'ORGE A ATHIS-MONS 2,91027,F46-0400,L'Orge,2010-03-08,,2010-03-08
03073480,LA MORTE RIVIERE A VIRY-CHATILLON 1,91687,F4592000,Ru Misery,2010-03-08,,2014-06-10
03075000,LA RÉMARDE A SAINT-CYR-SOUS-DOURDAN 1,91546,F46-0410,La Rémarde,2001-09-06,,2001-09-06
03075200,LE RUISSEAU DE PRÉDECELLE A LIMOURS 3,91338,F4480600,L'Ecole,2010-03-08,,2010-03-08
03075260,LA PREDECELLE A VAUGRIGNEUSE 1,91634,F4629000,Ruisseau de Predecelle,2010-03-08,,2011-02-14
03075290,LE RUISSEAU DE BRIIS A SAINT-MAURICE-MONTCOURONNE 2,91568,F45-0420,La Juine,2001-09-06,,2001-09-06
03075300,LA RÉMARDE A LE VAL-SAINT-GERMAIN 3,91630,F4629000,Ruisseau de Predecelle,2006-06-26,,2006-06-26
03075330,LA RÉMARDE A SAINT-MAURICE-MONTCOURONNE 2,91568,F7019000,Ruisseau de Vauhalan,2001-09-06,,2015-03-18
03075334,LA RÉMARDE A SAINT-MAURICE-MONTCOURONNE 3,91568,F4668000,Le Rouillon,2007-05-09,,2022-01-19
03075379,LA CHARMOISE A BRUYERES-LE-CHATEL 1,91115,F4634000,La Charmoise,2007-05-09,,2015-10-20
03075400,BOËLLE DES CHEVALIERS A BRUYERES-LE-CHATEL 1,91115,F46-0410,La Rémarde,2006-06-26,,2006-06-26
03075424,Ru de la Fontaine Bouillant A BRUYERES-LE-CHATEL 1,91115,F4567000,L'Eclimont,2010-01-25,,2011-12-08
03075490,LA REMARDE A OLLAINVILLE 1,91461,F46-0410,La Rémarde,2010-03-08,,2014-03-31
03075500,LA REMARDE A ARPAJON 1,91021,F4603600,Le Madereau,2006-06-26,,2012-11-28
03076283,L'YVETTE A GIF-SUR-YVETTE 1,91272,F4659000,La Merantaise,2006-02-23,,2012-09-24
03076410,LA MERANTAISE A VILLIERS-LE-BACLE 1,91679,F4603000,Ruisseau des Hauldres,2001-09-06,,2024-03-25
03076435,LA MERANTAISE A GIF SUR YVETTE 4,91272,F4659000,La Merantaise,2015-10-05,,2024-04-20
03076440,LA MERANTAISE A GIF SUR YVETTE 2,91272,F4567000,L'Eclimont,2012-04-18,,2024-04-21
03076443,LA MERANTAISE A GIF-SUR-YVETTE 1,91272,F4659000,La Merantaise,2006-02-21,,2024-03-26
03076470,L'YVETTE A GIF-SUR-YVETTE 2,91272,F4619401,La Boelle,2010-03-08,,2010-03-08
03076493,LE VAULARON A BURES-SUR-YVETTE 1,91122,F4662000,Le Vaularon,2006-02-22,,2015-10-20
03076571,L'YVETTE A ORSAY 1,91471,F4659000,La Merantaise,2006-02-22,,2006-02-22
03076600,L'YVETTE A PALAISEAU 1,91477,F4529000,La Velvette,2010-03-08,,2010-03-08
03076630,L'YVETTE A PALAISEAU 3,91477,F70-0400,La Bievre,2012-09-24,,2012-09-24
03076660,L'YVETTE A SAULX-LES-CHARTREUX 2,91587,F4629000,Ruisseau de Predecelle,2001-09-06,,2001-09-06
03076707,L'YVETTE A SAULX-LES-CHARTREUX 1,91587,F4634000,La Charmoise,2006-02-23,,2006-02-23
03076742,L'YVETTE A LONGJUMEAU 1,91345,F45-0420,La Juine,2006-02-23,,2017-06-27
03076799,L'YVETTE A LONGJUMEAU 2,91345,F7019000,Ruisseau de Vauhalan,2006-02-23,,2012-06-13
03076880,LE ROUILLON A BALLAINVILLIERS 1,91044,F4603600,Le Madereau,2010-03-08,,2010-03-08
03076899,LE ROUILLON A LONGJUMEAU 1,91345,F4668000,Le Rouillon,2006-02-23,,2016-09-28
03077000,L'YVETTE A EPINAY-SUR-ORGE 2,91216,F46-0420,L'Yvette,2010-03-08,,2010-03-08
03077091,L'YVETTE A EPINAY-SUR-ORGE 1,91216,F4668000,Le Rouillon,2006-02-21,,2006-02-21
03079100,L'YERRES A VARENNES-JARCY 2,91631,F7019000,Ruisseau de Vauhalan,2010-03-08,,2010-03-08
03079150,L'YERRES A BOUSSY-SAINT-ANTOINE 1,91097,F4662000,Le Vaularon,2001-09-06,,2001-09-06
03079180,L'YERRES A BOUSSY-SAINT-ANTOINE 3,91097,F4480600,L'Ecole,2006-02-22,,2006-02-22
03079200,L'YERRES A EPINAY-SOUS-SENART 2,91215,----0010,La Seine,2010-03-08,,2010-03-08
03079270,L'YERRES A BRUNOY 1,91114,F4--0210,L'Yerres,2010-03-08,,2010-03-08
03079294,L'YERRES A YERRES 1,91691,F4603600,Le Madereau,2008-08-19,,2008-08-19
03079690,LE RÉVEILLON A YERRES 1,91691,F45-0400,L'Essonne,2010-03-08,,2010-03-08
03079810,L'YERRES A YERRES 2,91691,F4629000,Ruisseau de Predecelle,2010-03-08,,2010-03-08
03079850,L'YERRES A CROSNE 2,91191,F4--0210,L'Yerres,2010-03-08,,2010-03-08
03079920,L'YERRES A MONTGERON 2,91421,F46-0420,L'Yvette,2020-11-20,,2020-11-20
03079965,LE RU D'OLY A VIGNEUX-SUR-SEINE 1,91657,F4659000,La Merantaise,2016-05-03,,2016-05-11
03079967,LE RU D'OLY A MONTGERON 1  ,91421,F4603000,Ruisseau des Hauldres,2014-04-01,,2017-01-09
03081002,LE RU DES GLAISES A WISSOUS 1,91689,F4480600,L'Ecole,2006-06-27,,2012-03-22
03081005,LE RUISSEAU DE RUNGIS A WISSOUS 2,91689,F4570600,La Chalouette,2008-08-21,,2008-08-21
03081006,LE RU DU BOIS CHARLET SAINTE JOIE A WISSOUS 1,91689,F4634000,La Charmoise,2008-08-21,,2012-10-11
03122008,LA BIÈVRE A VERRIERES-LE-BUISSON 1,91645,F70-0400,La Bievre,2010-03-08,,2012-01-31
03122610,LA RIGOLE DE FAVREUSE A VAUHALLAN 1,91635,F4659000,La Merantaise,2021-11-08,,2021-11-08
03122640,LA RIGOLE DES GRANGES A SACLAY 1,91534,F46-0400,L'Orge,2021-11-08,,2021-11-08
03122732,LA SYGRIE A BIEVRES 2,91064,F7019000,Ruisseau de Vauhalan,2018-06-06,,2018-06-12
03122734,LA SYGRIE A BIEVRES 1,91064,F4619401,La Boelle,2006-02-23,,2012-03-26
03122920,Le ru de Vauhallan à VAUHALLAN 1,91635,F4480600,L'Ecole,2018-06-12,,2018-06-12
03122999,LE RUISSEAU DE VAUHALAN A VERRIERES-LE-BUISSON 1,91645,F7019000,Ruisseau de Vauhalan,2006-02-21,,2006-02-21
03123000,LE RU DES GODETS A VERRIERES-LE-BUISSON 1,91645,F46-0400,L'Orge,2010-03-08,,2014-10-13
03123026,LA BIÈVRE A MASSY 1,91377,F4645000,La Salmouille,2006-02-21,,2006-02-21
03123063,LA BIÈVRE A VERRIERES-LE-BUISSON 2,91645,F4529000,La Velvette,2006-02-21,,2006-02-21
DN000071,PRISE D'EAU DE CORBEIL,91174,F4529000,La Velvette,2019-03-18,,2019-03-18
DN000079,PRISE D'EAU D'ETAMPES,91223,F4629000,Ruisseau de Predecelle,2019-03-18,,2019-03-18
DN000095,PRISE D'EAU D'ITTEVILLE,91315,F4529000,La Velvette,2019-03-18,,2019-03-18
DN000111,PRISE D'EAU DE MORSANG,91435,F4603600,Le Madereau,2019-03-18,,2019-03-18
DN000116,PRISE D'EAU ESSONNESEINE ORMOY,91468,F4634000,La Charmoise,2019-03-18,,2019-03-18
DN000130,PRISE D'EAU DE VIGNEUX,91657,F4603600,Le Madereau,2019-03-18,,2019-03-18
DN000134,PRISE D'EAU DE VIRY,91687,F46-0410,La Rémarde,2019-03-18,,2019-03-18
03081018,LA BIÈVRE A FRESNES 2,92002,----0010,La Seine,2012-08-30,,2012-08-30
03082000,LA SEINE A SURESNES 2,92073,----0010,La Seine,2010-03-08,,2010-03-08
03082030,SURESNES 1,92073,----0010,La Seine,2010-03-08,,2010-03-08
03082410,ASNIERES-SUR-SEINE 1,92004,----0010,La Seine,2010-03-08,,2010-03-08
03082560,LA SEINE A CLICHY 1,92024,----0010,La Seine,2010-03-08,,2019-12-16
03083001,LA SEINE A GENNEVILLIERS 1,92036,----0010,La Seine,2001-09-12,,2001-09-12
03083450,LA SEINE A COLOMBES 2,92025,----0010,La Seine,2000-10-20,,2000-10-20
DO000005,PRISE D'EAU DE SURESNES,92073,----0010,La Seine,2019-03-18,,2019-03-18
03063000,LA SEINE A ABLON-SUR-SEINE 2,94001,----0010,La Seine,2010-03-08,,2010-03-08
03063291,VILLENEUVE-LE-ROI 3,94077,F4--0210,L'Yerres,2006-04-27,,2006-04-27
03063292,VILLENEUVE-LE-ROI 1,94077,F6645000,Le Morbras,2006-04-27,,2006-04-27
03063293,LA SEINE A VILLENEUVE-SAINT-GEORGES 1,94078,F---0100,La Marne,2006-04-26,,2006-04-26
03063295,VILLENEUVE-LE-ROI 4,94077,F6645000,Le Morbras,2012-08-30,,2012-08-30
03063650,LA SEINE A ORLY 1,94054,----0010,La Seine,2010-03-08,,2010-03-08
03063890,CHOISY-LE-ROI 1,94022,F6648801,Bras de la Marne,2010-03-08,,2010-03-08
03064000,LA SEINE A CHOISY-LE-ROI 1,94022,F4--0210,L'Yerres,2010-03-08,,2010-03-08
03079091,LE FOSSÉ NUMÉRO 01 DE LA COMMUNE DE PÉRIGNY A PERIGNY 1,94056,----0010,La Seine,2008-08-19,,2008-08-19
03079189,L'YERRES A MANDRES-LES-ROSES 1,94047,----0010,La Seine,2008-08-19,,2008-08-19
03079500,LE RÉVEILLON A SANTENY 1,94070,F7029000,Ruisseau de Rungis,2010-03-08,,2010-03-08
03079554,LE RU DU CHATEAU DE CHOIGNY A SANTENY 1,94070,----0010,La Seine,2008-08-19,,2012-10-11
03079570,LE RÉVEILLON A MAROLLES-EN-BRIE 1,94048,F4--0210,L'Yerres,2010-03-08,,2010-03-08
03079573,LE RU DE LA SAUSSAYE A SANTENY 1,94070,F7029000,Ruisseau de Rungis,2008-08-19,,2022-02-02
03079575,LE RÉVEILLON A MAROLLES-EN-BRIE 2,94048,----0010,La Seine,2010-03-08,,2010-03-08
03079604,LE RU DE BOISSY SAINT LEGER A MAROLLES-EN-BRIE 1,94048,F---0100,La Marne,2008-08-19,,2012-10-11
03079611,LE RÉVEILLON A VILLECRESNES 1,94075,F70-0400,La Bievre,2008-08-19,,2008-08-19
03079612,LE RU FONTAINE DU CAMP A VILLECRESNES 1,94075,F7029000,Ruisseau de Rungis,2008-08-19,,2022-02-02
03079622,LE RÉVEILLON A VILLECRESNES 2,94075,F48-0400,Le Reveillon,2007-01-04,,2007-01-04
03079650,LE RÉVEILLON A VILLECRESNES 3,94075,F4--0210,L'Yerres,2010-03-08,,2010-03-08
03079990,L'YERRES A VILLENEUVE-SAINT-GEORGES 1,94078,F4--0210,L'Yerres,2000-10-20,,2000-10-20
03080580,LA SEINE A VITRY-SUR-SEINE 3,94081,F---0100,La Marne,2000-10-20,,2000-10-20
03080581,LA SEINE A CHARENTON-LE-PONT 1,94018,F---0100,La Marne,2006-04-26,,2006-04-26
03080660,LA SEINE A ALFORTVILLE 3,94002,----0010,La Seine,2000-10-20,,2000-10-20
03081001,LE RUISSEAU DE RUNGIS A FRESNES 1,94034,F7029000,Ruisseau de Rungis,2006-02-21,,2006-02-21
03081003,LE RU DE RUNGIS A RUNGIS  rejet EP 1,94065,F70-0400,La Bievre,2008-08-21,,2016-04-06
03081004,LE RUISSEAU DE RUNGIS A RUNGIS 1,94065,F6645000,Le Morbras,2008-08-21,,2016-04-06
03081007,LE RUISSEAU DE RUNGIS A FRESNES 2,94034,----0010,La Seine,2008-08-21,,2016-04-06
03081008,LE RUISSEAU DE RUNGIS A FRESNES 3,94034,F6645000,Le Morbras,2008-08-21,,2008-08-21
03081009,FRESNES 1,94034,----0010,La Seine,2008-08-21,,2008-08-21
03081014,LA BIÈVRE A ARCUEIL 1,94003,F4--0210,L'Yerres,2008-08-21,,2008-08-21
03081016,La Bièvre à Fresnes 3,94034,F48-0400,Le Reveillon,2011-01-18,,2013-01-31
03081017,LA BIÈVRE A L'HAY-LES-ROSES 2,94038,F6645000,Le Morbras,2012-08-30,,2012-08-30
03081019,LA BIÈVRE A CACHAN 2,94016,F6648801,Bras de la Marne,2012-08-30,,2024-05-19
03081033,LA BIÈVRE A GENTILLY 1,94037,F70-0400,La Bievre,2008-05-14,,2024-05-20
03111664,LA MARNE A BRY-SUR-MARNE 1,94015,F48-0400,Le Reveillon,2006-04-26,,2006-04-26
03112000,LA MARNE A JOINVILLE-LE-PONT 1,94042,F6648801,Bras de la Marne,2001-09-19,,2001-09-19
03112010,LA MARNE A JOINVILLE-LE-PONT 2,94042,F4--0210,L'Yerres,2001-09-19,,2001-09-19
03112258,Ru du Château,94060,F70-0400,La Bievre,2008-08-19,,2019-11-04
03112261,LE MORBRAS A LA QUEUE-EN-BRIE 2,94060,F70-0400,La Bievre,2008-08-19,,2008-08-19
03112268,Ru de la Fontaine des Bordes,94060,F4--0210,L'Yerres,2008-08-19,,2019-11-04
03112281,LE MORBRAS A ORMESSON-SUR-MARNE 2,94055,F70-0400,La Bievre,2008-08-19,,2008-08-19
03112284,LE RUISSEAU DE LA FONTAINE DE VILLIERS A NOISEAU 1,94053,F70-0400,La Bievre,2008-08-19,,2008-08-19
03112286,LE MORBRAS A SUCY-EN-BRIE 3,94071,----0010,La Seine,2012-08-30,,2012-08-30
03112295,LE MORBRAS A SUCY-EN-BRIE 2,94071,F6645000,Le Morbras,2010-03-08,,2016-02-29
03112296,LE MORBRAS A SUCY-EN-BRIE 1,94011,----0010,La Seine,2008-08-19,,2019-11-04
03112309,SUCY-EN-BRIE 6,94071,F---0100,La Marne,2008-08-19,,2008-08-19
03112319,LA MARNE A SAINT-MAUR-DES-FOSSES 1,94068,F48-0400,Le Reveillon,2006-04-26,,2006-04-26
03112322,BONNEUIL-SUR-MARNE 3,94011,F4--0210,L'Yerres,2008-08-19,,2008-08-19
03112340,LA MARNE A CRETEIL 1,94028,F6645000,Le Morbras,2010-03-08,,2010-03-08
03112345,BONNEUIL-SUR-MARNE 10,94068,F6645000,Le Morbras,2012-08-30,,2012-08-30
03112415,LA MARNE A MAISONS-ALFORT 1,94046,F70-0400,La Bievre,2006-04-26,,2006-04-26
03112480,LA MARNE A CHARENTON-LE-PONT 2,94018,F---0100,La Marne,2010-03-08,,2010-03-08
CX000217,MARNE A JOINVILLE,94042,----0010,La Seine,2019-03-18,,2019-03-18
CX000219,SEINE A ORLY,94054,F4--0210,L'Yerres,2019-03-18,,2019-03-18
DQ000049,G.CHOISY RESSOURCE,94022,F4--0210,L'Yerres,2019-03-18,,2019-03-18
03082719,LE CROULD A BONNEUIL-EN-FRANCE 1,95088,F70-0410,Le Crould,2008-05-14,,2008-05-14
03082758,LE ROSNE A GARGES-LES-GONESSE 1,95268,F7060600,Le Rosne,2008-05-14,,2008-05-14
03082781,LE CROULD A GARGES-LES-GONESSE 1,95268,F70-0410,Le Crould,2010-03-08,,2010-03-08
03083125,LE RU D'ENGHIEN A MONTLIGNON 1,95426,F7110600,Ru d'Enghien,2010-01-25,,2015-04-27
03126015,LE COURS D'EAU NUMÃRO 01 DE LA COMMUNE D'AVERNES A AVERNES ,95040,H2269200,Ravin de Theuville,2010-03-08,,2010-03-08
03126033,L'AUBETTE A VIGNY 1,95658,F7060600,Le Rosne,2010-03-08,,2010-03-08
03126038,L'AUBETTE A VIGNY 2,95658,H2258000,L'Esches,2010-03-08,,2010-03-08
03126040,LE FOSSÉ NUMÉRO 02 DE LA COMMUNE DE SAGY A SAGY 1,95535,H2246000,L'Ysieux,2010-03-08,,2010-03-08
03126045,L'AUBETTE A CONDECOURT 1,95170,H---0100,L'Oise,2010-03-08,,2010-03-08
03126073,LA MONTCIENT A SERAINCOURT 1,95592,H3170600,L'Aubette,2010-03-08,,2010-03-08
03126083,LA BERNON A SERAINCOURT 1,95592,H2258000,L'Esches,2010-03-08,,2010-03-08
03127550,LE RU DE LA VALLÉE DU ROI A VETHEUIL 2,95651,H3085000,Ru de la Vallee du Roi,2010-03-08,,2010-03-08
03137685,LA THEVE A ASNIERES-SUR-OISE 2,95026,H22-0500,La Theve,2001-09-12,,2023-03-22
03137730,L'YSIEUX A FOSSES 1,95250,H3171100,Cours d'Eau 01 de la Commune de Genainville,2010-03-08,,2010-03-08
03137760,L'YSIEUX A LASSY 1,95331,F7060600,Le Rosne,2010-03-08,,2010-03-08
03137790,L'YSIEUX A LUZARCHES 1,95352,H2261000,Ru de Presles,2010-03-08,,2010-03-08
03137810,L'YSIEUX A LUZARCHES 2,95352,H3181000,Ru de Chaussy,2010-03-08,,2022-03-02
03137822,LE RU DE FREVAL A VIARMES 1,95652,H3163000,Le Cudron,2010-03-08,,2010-03-08
03137830,L'YSIEUX A ASNIERES-SUR-OISE 1,95026,H2246000,L'Ysieux,2010-03-08,,2010-03-08
03138000,L'OISE A BEAUMONT-SUR-OISE 1,95052,H---0100,L'Oise,2010-03-08,,2011-10-10
03138475,LA COPETTE A PERSAN 1,95487,H2269400,Ru de Frouville,2010-03-08,,2010-03-08
03138485,L'ESCHES A PERSAN 1,95487,H2258000,L'Esches,2010-03-08,,2010-03-08
03138540,LE RU DE PRESLES A PRESLES 2,95504,H3163000,Le Cudron,2010-03-08,,2010-03-08
03138550,LE RU DE PRESLES A MOURS 2,95436,H2261000,Ru de Presles,2010-03-08,,2013-04-15
03138728,LE RU DU VIEUX MOUTIERS A L'ISLE-ADAM 2,95313,H3170600,L'Aubette,2013-12-11,,2015-07-08
03138730,LE RU DU VIEUX MOUTIERS A L'ISLE-ADAM 1,95313,H2261000,Ru de Presles,2010-03-08,,2010-03-08
03138800,L'OISE A MERIEL 1,95392,H---0100,L'Oise,2010-03-08,,2010-03-08
03139000,L'OISE A AUVERS-SUR-OISE 2,95039,H3170600,L'Aubette,2010-03-08,,2010-03-08
03139015,LE RU DE LIESSE A SAINT-OUEN-L'AUMONE 1,95572,H2280600,La Viosne,2016-07-13,,2016-07-13
03139020,MERY-SUR-OISE 1,95394,H3171100,Cours d'Eau 01 de la Commune de Genainville,2010-03-08,,2010-03-08
03140000,L'OISE A PONTOISE 1,95500,F7110600,Ru d'Enghien,2010-03-08,,2010-03-08
03140325,LA VIOSNE A CHARS 1,95142,H2280600,La Viosne,2010-03-08,,2010-03-08
03140332,LA VIOSNE A CHARS 2,95142,H---0100,L'Oise,2010-03-08,,2010-03-08
03140358,LA COULEUVRE A SANTEUIL 1,95584,H2286000,La Couleuvre,2010-03-08,,2012-10-29
03140365,LA VIOSNE A US 1,95625,F70-0410,Le Crould,2010-03-08,,2010-03-08
03140400,LA VIOSNE A ABLEIGES 1,95002,H2280600,La Viosne,2010-03-08,,2010-03-08
03140450,LA VIOSNE A OSNY 1,95476,F7110600,Ru d'Enghien,2010-03-08,,2010-03-08
03140490,LA VIOSNE A PONTOISE 1,95500,H2280600,La Viosne,2010-03-08,,2010-03-08
03141000,L'OISE A CERGY 1,95127,H---0100,L'Oise,2010-03-08,,2010-03-08
03166600,LE SAUSSERON A ARRONVILLE 1,95023,H3181000,Ru de Chaussy,2010-03-08,,2010-03-08
03166630,LE SAUSSERON A MENOUVILLE 1,95387,H3171100,Cours d'Eau 01 de la Commune de Genainville,2010-03-08,,2010-03-08
03166650,LE RAVIN DE THEUVILLE A EPIAIS-RHUS 1,95213,H2269200,Ravin de Theuville,2010-03-08,,2010-03-08
03166680,LE RAVIN DE THEUVILLE A VALLANGOUJARD 1,95627,H2269200,Ravin de Theuville,2010-03-08,,2015-02-02
03166700,LE SAUSSERON A LABBEVILLE 1,95328,H2286000,La Couleuvre,2010-03-08,,2010-03-08
03166945,LE RU DE FROUVILLE A FROUVILLE 2,95258,H2269400,Ru de Frouville,2006-06-29,,2006-06-29
03167000,LE SAUSSERON A NESLES-LA-VALLEE 1,95446,H2269000,Le Sausseron,2010-03-08,,2010-03-08
03167085,LE SAUSSERON A VALMONDOIS 3,95628,F7060600,Le Rosne,2010-03-08,,2010-03-08
03177540,LE CUDRON A SAINT-CLAIR-SUR-EPTE 1,95541,H3163000,Le Cudron,2010-03-08,,2013-07-01
03177700,L'AUBETTE A HODENT 1,95309,H3170600,L'Aubette,2010-03-08,,2010-03-08
03177720,L'AUBETTE A HODENT 3,95309,H3170600,L'Aubette,2006-06-28,,2014-01-08
03177745,LE COURS D'EAU NUMÃRO 01 DE LA COMMUNE DE GENAINVILLE A HOD,95309,H3171100,Cours d'Eau 01 de la Commune de Genainville,2010-03-08,,2014-08-29
03177760,L'AUBETTE A OMERVILLE 1,95462,H3170600,L'Aubette,2010-03-08,,2012-11-14
03177790,L'AUBETTE A AMBLEVILLE 2,95011,H3170600,L'Aubette,2010-03-08,,2010-03-08
03177889,LE RU DE CHAUSSY A BRAY-ET-LU 1,95101,H3181000,Ru de Chaussy,2006-06-28,,2014-01-08
DR000370,MERY SUR OISE PRISE D'EAU,95394,H---0100,L'Oise,2019-03-18,,2019-03-18
H2299303,Plan d'eau de la base de plein air et de loisirs de Cergy,95127,H---0100,L'Oise,2008-01-01,,2020-10-09
