bss_id;code_commune_insee
BSS000WGAA;77021
BSS000UAEA;77255
BSS000WFEA;77210
BSS000LQEA;77401
BSS000PLHA;77479
BSS000RPHA;77249
BSS000PQKA;77432
BSS000UFMA;77208
BSS000UERA;77246
BSS000YGRA;77099
BSS000PPSA;77440
BSS000YGTA;77458
BSS000RQYA;77217
BSS000UCCB;77086
BSS000LQDB;77290
BSS000UAEB;77495
BSS000PLHB;77479
BSS000UELB;77403
BSS000UFMB;77208
BSS000PQMB;77228
BSS000UBNB;77037
BSS000PNNB;77058
BSS000UBPB;77152
BSS000UBTB;77037
BSS000RRTB;77264
BSS000WFUB;77061
BSS000WDVB;77003
BSS000TZVB;77039
BSS000LPYB;77203
BSS000UAEC;77495
BSS000WFEC;77210
BSS000PLHC;77479
BSS000RRHC;77352
BSS000UFMC;77208
BSS000UCNC;77327
BSS000LMNC;77294
BSS000RRNC;77222
BSS000WHQC;77310
BSS000LPQC;77274
BSS000WDTC;77210
BSS000UCUC;77532
BSS000WFVC;77279
BSS000TZVC;77039
BSS000UBAD;77518
BSS000RTBD;77247
BSS000UAED;77495
BSS000WFED;77210
BSS000UFJD;77341
BSS000UFMD;77208
BSS000UBND;77069
BSS000YGQD;77267
BSS000LPQD;77475
BSS000UDRD;77347
BSS000WERD;77202
BSS000YGRD;77099
BSS000WHRD;77507
BSS000WDTD;77210
BSS000UCUD;77418
BSS000WDUD;77220
BSS000PLWD;77094
BSS000UBXD;77533
BSS000WDBE;77386
BSS000LPBE;77367
BSS000WFEE;77210
BSS000PLHE;77479
BSS000UFJE;77341
BSS000UBNE;77096
BSS000WGNE;77019
BSS000RRNE;77493
BSS000UAPE;77195
BSS000UFPE;77289
BSS000YJPE;77500
BSS000WDQE;77316
BSS000WDTE;77210
BSS000UCUE;77418
BSS000UBXE;77533
BSS000UBYE;77441
BSS000LPYE;77231
BSS000LPZE;77490
BSS000UEBF;77073
BSS000UFCF;77076
BSS000UEGF;77391
BSS000PLHF;77479
BSS000UFJF;77341
BSS000LNLF;77123
BSS000UFPF;77341
BSS000UCQF;77147
BSS000WDQF;77316
BSS000RTRF;77262
BSS000UCUF;77418
BSS000PMVF;77468
BSS000WFXF;77305
BSS000RTAG;77444
BSS000UEBG;77260
BSS000UEGG;77391
BSS000UFJG;77341
BSS000UFPG;77227
BSS000WDQG;77316
BSS000RTRG;77262
BSS000WESG;77048
BSS000UCUG;77418
BSS000WCVG;77060
BSS000WDZG;77431
BSS000UBAH;77425
BSS000RSAH;77002
BSS000WFCH;77161
BSS000UDKH;77159
BSS000RTKH;77134
BSS000WDLH;77316
BSS000UCMH;77327
BSS000UEPH;77246
BSS000TZUH;77407
BSS000WEVH;77506
BSS000LPYH;77231
BSS000WDZH;77431
BSS000RSAJ;77002
BSS000RRCJ;77253
BSS000PMDJ;77232
BSS000WEGJ;77048
BSS000WEHJ;77202
BSS000PLKJ;77248
BSS000WDLJ;77316
BSS000WEMJ;77048
BSS000LMMJ;77437
BSS000LPMJ;77204
BSS000RSRJ;77239
BSS000RSVJ;77020
BSS000WHWJ;77187
BSS000LPWJ;77257
BSS000LPYJ;77231
BSS000PRAK;77432
BSS000LNFK;77294
BSS000WEHK;77202
BSS000WDLK;77210
BSS000LPNK;77475
BSS000RTNK;77012
BSS000WCRK;77328
BSS000WHUK;77015
BSS000LLUK;77322
BSS000WFXK;77305
BSS000LPYK;77231
BSS000PQZK;77240
BSS000PRAL;77182
BSS000WGDL;77101
BSS000LNFL;77323
BSS000PPKL;77415
BSS000WDLL;77210
BSS000RTLL;77414
BSS000RTNL;77012
BSS000RTQL;77519
BSS000TZSL;77378
BSS000UBVL;77441
BSS000WEWL;77353
BSS000WCXL;77001
BSS000LPYL;77231
BSS000PRAM;77240
BSS000WEBM;77431
BSS000YGDM;77027
BSS000RSEM;77151
BSS000UDFM;77140
BSS000WEGM;77312
BSS000WEHM;77048
BSS000LMKM;77163
BSS000WDLM;77210
BSS000LMLM;77430
BSS000RTNM;77026
BSS000UBQM;77389
BSS000WCSM;77041
BSS000WHUM;77523
BSS000LNUM;77309
BSS000UBVM;77188
BSS000TZVM;77447
BSS000RRWM;77360
BSS000UBXM;77441
BSS000LPYM;77231
BSS000UBZM;77179
BSS000PRAN;77182
BSS000RSAN;77028
BSS000UAEN;77495
BSS000PQEN;77013
BSS000UCFN;77052
BSS000LMGN;77392
BSS000WEHN;77202
BSS000PQJN;77042
BSS000WDLN;77210
BSS000RRMN;77010
BSS000UBQN;77255
BSS000WCSN;77198
BSS000WDSN;77210
BSS000WHUN;77187
BSS000LNUN;77309
BSS000TZVN;77039
BSS000UBXN;77441
BSS000WFXN;77305
BSS000UAYN;77065
BSS000LPYN;77231
BSS000WFDP;77210
BSS000WDEP;77048
BSS000RTEP;77301
BSS000LNKP;77123
BSS000WDLP;77210
BSS000PQLP;77228
BSS000UBQP;77255
BSS000RSQP;77357
BSS000UARP;77082
BSS000PPSP;77405
BSS000TZXP;77039
BSS000WBYP;77339
BSS000LPYP;77231
BSS000WEBQ;77216
BSS000PQEQ;77131
BSS000UDFQ;77509
BSS000WDLQ;77210
BSS000LPNQ;77380
BSS000RRSQ;77229
BSS000LPUQ;77008
BSS000PPVQ;77529
BSS000UAYQ;77359
BSS000LPYQ;77231
BSS000LMCR;77349
BSS000PRCR;77492
BSS000PQDR;77131
BSS000RQDR;77470
BSS000WGER;77212
BSS000YGER;77009
BSS000RSHR;77135
BSS000PQJR;77162
BSS000WDLR;77210
BSS000UEQR;77246
BSS000RQSR;77122
BSS000WFTR;77172
BSS000WEUR;77431
BSS000LPVR;77257
BSS000TZVR;77039
BSS000WDXR;77216
BSS000PMXR;77468
BSS000PNXR;77508
BSS000WBYR;77471
BSS000LPYR;77231
BSS000RSYR;77137
BSS000UEBS;77391
BSS000PRCS;77492
BSS000YGES;77200
BSS000YGKS;77045
BSS000PLKS;77094
BSS000UEMS;77246
BSS000UBNS;77037
BSS000LNSS;77437
BSS000LMWS;77323
BSS000PMXS;77468
BSS000WDAT;77186
BSS000YHAT;77261
BSS000WFDT;77210
BSS000WFFT;77305
BSS000RRJT;77534
BSS000WDKT;77316
BSS000RQLT;77470
BSS000RRLT;77127
BSS000UEMT;77246
BSS000UCRT;77286
BSS000LPVT;77235
BSS000TZVT;77067
BSS000RQZT;77217
BSS000PRCU;77423
BSS000YGEU;77342
BSS000LQEU;77078
BSS000PQEU;77131
BSS000RPFU;77249
BSS000RSJU;77138
BSS000RQLU;77277
BSS000WDPU;77494
BSS000LPQU;77173
BSS000TZTU;77447
BSS000UBUU;77226
BSS000LPVU;77203
BSS000WCWU;77485
BSS000WDXU;77431
BSS000WFXU;77305
BSS000UBAV;77022
BSS000UADV;77528
BSS000WFDV;77210
BSS000WGKV;77025
BSS000UEMV;77246
BSS000WGNV;77025
BSS000UCPV;77327
BSS000UBUV;77442
BSS000UCVV;77260
BSS000TZVV;77039
BSS000YGWV;77016
BSS000WDXV;77520
BSS000WFXV;77305
BSS000WCYV;77186
BSS000LMBW;77153
BSS000UADW;77495
BSS000WFDW;77210
BSS003ALEW;77131
BSS000PQEW;77131
BSS000UDGW;77089
BSS000WFJW;77210
BSS000RQKW;77177
BSS000UEMW;77246
BSS000UCQW;77496
BSS000RRSW;77318
BSS000TZUW;77407
BSS000RTAX;77066
BSS000UBBX;77435
BSS000UEBX;77391
BSS000RSDX;77151
BSS000UEMX;77246
BSS000UBPX;77255
BSS000WFPX;77054
BSS000YGPX;77016
BSS000WFSX;77061
BSS000UCTX;77090
BSS000WDTX;77316
BSS000LPTX;77126
BSS000LPVX;77231
BSS000UCWX;77149
BSS000WEXX;77161
BSS000WDAY;77186
BSS000UEBY;77391
BSS000PMBY;77125
BSS000UADY;77255
BSS000LQEY;77397
BSS000LMFY;77430
BSS000PLGY;77479
BSS000UEMY;77459
BSS000LNMY;77241
BSS000WHPY;77236
BSS000PPPY;77440
BSS000RSYY;77182
BSS000UBZY;77100
BSS000UADZ;77255
BSS000WFDZ;77210
BSS000PQEZ;77131
BSS000UEFZ;77391
BSS000PLGZ;77479
BSS000WDMZ;77494
BSS000RSMZ;77393
BSS000UEQZ;77246
BSS000WESZ;77048
BSS000WDUZ;77088
BSS000TZUZ;77384
BSS000LFEA;78567
BSS000MVGA;78005
BSS000TWGA;78564
BSS000MVHA;78190
BSS000LGJA;78029
BSS000TVJA;78470
BSS000LGMA;78217
BSS000LGQA;78267
BSS000MVSA;78190
BSS000LFEB;78567
BSS000MVHB;78190
BSS000LGJB;78029
BSS000LGKB;78238
BSS000LGMB;78402
BSS000LFWB;78296
BSS000LGXB;78299
BSS000LFEC;78567
BSS000MVHC;78190
BSS000LGJC;78029
BSS000LGKC;78238
BSS000MTMC;78530
BSS000LETC;78255
BSS000LGUC;78401
BSS000LFAD;78290
BSS000LFED;78567
BSS000MVHD;78650
BSS000LGKD;78029
BSS000LHLD;78015
BSS000LGPD;78238
BSS000LHRD;78015
BSS000RHXD;78108
BSS000LFBE;78290
BSS000MVCE;78358
BSS000MVDE;78190
BSS000RHJE;78562
BSS000MVJE;78190
BSS000LGLE;78029
BSS000LGPE;78238
BSS000LETE;78385
BSS000LGVE;78401
BSS000RHVE;78108
BSS000RHXE;78108
BSS000MVBF;78190
BSS000MVJF;78190
BSS000LGLF;78267
BSS000MTMF;78530
BSS000MUMF;78368
BSS000LGPF;78238
BSS000LERF;78344
BSS000RHXF;78108
BSS000LFAG;78118
BSS000MVBG;78481
BSS000RJDG;78561
BSS000MVGG;78481
BSS000TWHG;78537
BSS000MVJG;78190
BSS000LERG;78344
BSS000RJVG;78164
BSS000LFBH;78567
BSS000MVBH;78190
BSS000MVGH;78481
BSS000RHHH;78562
BSS000LGLH;78217
BSS000TWWH;78071
BSS000MVDJ;78190
BSS000MUJJ;78451
BSS000MTKJ;78346
BSS000MUKJ;78368
BSS000LGLJ;78267
BSS000RJVJ;78164
BSS000MVWJ;78683
BSS000LFAK;78567
BSS000MVDK;78190
BSS000MVGK;78481
BSS000MTKK;78192
BSS000LGLK;78029
BSS000LHPK;78015
BSS000MTPK;78647
BSS000TWUK;78478
BSS000MVWK;78683
BSS000MVDL;78190
BSS000MVGL;78481
BSS000MTLL;78618
BSS000LEML;78410
BSS000LGML;78267
BSS000LFQL;78362
BSS000LFSL;78501
BSS000RHTL;78269
BSS000MVWL;78683
BSS000MVDM;78190
BSS000MVGM;78481
BSS000LHHM;78643
BSS000MWHM;78242
BSS000MVKM;78358
BSS000RJRM;78601
BSS000LFSM;78501
BSS000MTWM;78031
BSS000MUWM;78498
BSS000LEYM;78531
BSS000MVGN;78481
BSS000LHHN;78643
BSS000MWHN;78674
BSS000MVJN;78190
BSS000MVKN;78190
BSS000RJMN;78601
BSS000MTWN;78031
BSS000LEXN;78089
BSS000RJBP;78168
BSS000MVGP;78190
BSS000MVHP;78005
BSS000MVJP;78190
BSS000MVKP;78190
BSS000MULP;78033
BSS000RJMP;78517
BSS000RJPP;78517
BSS000LFSP;78335
BSS000LFAQ;78118
BSS000RJBQ;78168
BSS000MVGQ;78190
BSS000MVJQ;78190
BSS000MVKQ;78551
BSS000LGLQ;78238
BSS000LHLQ;78551
BSS000LHNQ;78015
BSS000LHSQ;78015
BSS000MTWQ;78031
BSS000RJBR;78168
BSS000MVGR;78190
BSS000LHHR;78624
BSS000LGLR;78440
BSS000TWMR;78349
BSS000LHNR;78015
BSS000LEQR;78068
BSS000LFRR;78296
BSS000LHSR;78015
BSS000LGVR;78261
BSS000MUVR;78672
BSS000RJYR;78087
BSS000TWFS;78601
BSS000MVGS;78190
BSS000LHHS;78642
BSS000LELS;78410
BSS000LGLS;78238
BSS000MULS;78230
BSS000TWLS;78522
BSS000LHNS;78015
BSS000LGPS;78402
BSS000LFSS;78335
BSS000MVWS;78683
BSS000LEYS;78531
BSS000TWYS;78564
BSS000MVDT;78190
BSS000MVGT;78190
BSS000LHHT;78642
BSS000LGLT;78440
BSS000MULT;78033
BSS000LGNT;78238
BSS000RJPT;78517
BSS000LEQT;78068
BSS000LHQT;78015
BSS000LFST;78335
BSS000RHST;78269
BSS000MVWT;78683
BSS000MWFU;78073
BSS000MVGU;78190
BSS000TVGU;78506
BSS000LGLU;78440
BSS000LEPU;78202
BSS000LFQU;78031
BSS000RHQU;78307
BSS000MVWU;78683
BSS000RJYU;78120
BSS000LEZU;78118
BSS000MVDV;78190
BSS000LHEV;78624
BSS000RJGV;78561
BSS000MVGV;78190
BSS000MTNV;78591
BSS000LGPV;78217
BSS000LFQV;78031
BSS000LFSV;78335
BSS004BKTV;78551
BSS000MVBW;78190
BSS000MVDW;78190
BSS000MVGW;78190
BSS000TWHW;78537
BSS000LGLW;78238
BSS000MVWW;78683
BSS000MVCX;78481
BSS000MVDX;78190
BSS000LHEX;78643
BSS000MVGX;78190
BSS000LFPX;78296
BSS000RJPX;78269
BSS000MVRX;78190
BSS000MVWX;78683
BSS000RHZX;78321
BSS000MVGY;78190
BSS000LFMY;78402
BSS000LGNY;78267
BSS000LFPY;78536
BSS000MVRY;78190
BSS000LFDZ;78567
BSS000MVGZ;78190
BSS000LGHZ;78029
BSS000LGLZ;78238
BSS000LFMZ;78402
BSS000LGNZ;78217
BSS000MVRZ;78190
BSS000RJUZ;78030
BSS000TZMA;91654
BSS000TXXA;91103
BSS000TWZA;91175
BSS000WBJB;91222
BSS000WAVB;91469
BSS000TZGC;91184
BSS000RJHC;91534
BSS000TZMC;91654
BSS000TWMD;91546
BSS000TXTD;91330
BSS000WAVD;91223
BSS000TYXD;91226
BSS000TXFE;91081
BSS000TZJE;91315
BSS000WAVE;91294
BSS000WBNF;91022
BSS000TYNF;91441
BSS000TYPF;91179
BSS000TXTF;91330
BSS000TXZF;91315
BSS000RNVG;91286
BSS000TXZG;91315
BSS000WBNH;91075
BSS000WBQH;91137
BSS000RNVH;91286
BSS000TXVH;91330
BSS000TWZH;91175
BSS000TZBJ;91315
BSS000TXBK;91130
BSS000WBFK;91016
BSS000WCLK;91067
BSS000TZBL;91095
BSS000WBEL;91016
BSS000TYML;91435
BSS000RNSL;91687
BSS000TZBM;91095
BSS000TYFM;91315
BSS000WBJM;91390
BSS000RNQM;91286
BSS000WBYM;91405
BSS000RNLN;91687
BSS000TXLN;91461
BSS000WBNN;91248
BSS000RNPN;91687
BSS000TWPN;91602
BSS000RNSN;91687
BSS000RQSN;91631
BSS000TXLP;91461
BSS000WBNP;91248
BSS000RQSP;91097
BSS000TXUP;91330
BSS000RNUQ;91086
BSS000TXBR;91495
BSS000TXMR;91318
BSS000WBTR;91359
BSS000RNUR;91086
BSS000TXBS;91519
BSS000TYRS;91435
BSS000TWSS;91602
BSS000WBTS;91273
BSS000RNUS;91086
BSS000TXBT;91130
BSS000WART;91131
BSS000TYRT;91435
BSS000TWST;91568
BSS000WBTT;91069
BSS000WBYT;91405
BSS000RNYT;91225
BSS000RPEU;91114
BSS000TWSU;91568
BSS000TXWU;91103
BSS000RPEV;91097
BSS000RNNV;91687
BSS000WASV;91511
BSS000TXWV;91103
BSS000RNNW;91687
BSS000TXVW;91330
BSS000WAWW;91223
BSS000TXWW;91103
BSS000TZHX;91047
BSS000WBPX;91248
BSS000WAUX;91533
BSS000TXWX;91103
BSS000TZBY;91080
BSS000TZRY;91180
BSS000TXWY;91103
BSS000RKFZ;91471
BSS000TXVZ;91330
BSS000TXWZ;91103
BSS000NBQB;92036
BSS000NAXB;92078
BSS000NCNC;92051
BSS000NBND;92036
BSS000NCND;92051
BSS000NBQD;92078
BSS000NBNE;92036
BSS000NBQE;92078
BSS000NBQF;92078
BSS000NBQG;92078
BSS000MYMH;92050
BSS000NBQH;92078
BSS000NBMN;92078
BSS000NBPP;92078
BSS000NBPQ;92078
BSS000NBPS;92078
BSS000NBPT;92078
BSS000NBPX;92078
BSS000NBPZ;92078
BSS000NMNE;93055
BSS000NMNF;93055
BSS000PKRF;93073
BSS000NKXF;93055
BSS000NMNG;93055
BSS000NMSG;93007
BSS000NMSK;93007
BSS000NMXK;93005
BSS000NMUP;93007
BSS000NNET;93005
BSS000NNEU;93005
BSS000NNEV;93005
BSS000LMPV;93073
BSS000PGGD;94046
BSS000RPHG;94047
BSS000RPMS;94047
BSS000PGGW;94081
BSS000PGDX;94081
BSS000RQUX;94056
BSS000PGDY;94081
BSS000PGDZ;94081
BSS000LGFA;95341
BSS000JSHA;95142
BSS000LJJA;95365
BSS000LJMA;95250
BSS000LEPA;95676
BSS000LJJB;95028
BSS000LJMB;95250
BSS000LGAC;95110
BSS000LGCC;95476
BSS000LJJC;95028
BSS000LGBD;95422
BSS000LJJD;95028
BSS000LHPD;95127
BSS000LFXD;95040
BSS000LGAE;95584
BSS000LJJE;95028
BSS000LJME;95371
BSS000LGCF;95422
BSS000JSQF;95287
BSS000LLRF;95241
BSS000LLUF;95641
BSS000LFWF;95690
BSS000LGCG;95422
BSS000LGGG;95211
BSS000JSGG;95142
BSS000JSHG;95142
BSS000LGMG;95592
BSS000LLRG;95612
BSS000LFXG;95592
BSS000LGCH;95422
BSS000JSGH;95142
BSS000LLPH;95280
BSS000LGEJ;95328
BSS000LKFJ;95409
BSS000JSHJ;95142
BSS000LJKJ;95371
BSS000JSQJ;95059
BSS000LKWJ;95019
BSS000LGXJ;95170
BSS000JVYJ;95026
BSS000LGEK;95328
BSS003YLIK;95142
BSS000JVYK;95456
BSS000LLEL;95028
BSS000LMPL;95154
BSS000LLRM;95612
BSS000LLRN;95612
BSS000LLAP;95229
BSS000JRAQ;95309
BSS000LGCQ;95078
BSS000LJLQ;95371
BSS000LLLQ;95280
BSS000LHQQ;95127
BSS000LLRQ;95612
BSS000JSTQ;95023
BSS000JQWQ;95101
BSS000LHXQ;95436
BSS000LJBR;95042
BSS000LGCR;95181
BSS000JSGR;95142
BSS000LLMR;95280
BSS000LHXR;95313
BSS000JRCS;95554
BSS000JSPS;95611
BSS003WNUS;95527
BSS000JRCT;95462
BSS000LKDT;95091
BSS000LJET;95042
BSS000JSHT;95102
BSS000LMPT;95527
BSS000JVXT;95026
BSS000LJEU;95042
BSS000LLKU;95280
BSS000LELU;95523
BSS000LJNU;95241
BSS000LLNU;95612
BSS000MXRU;95018
BSS000JVXU;95026
BSS000LHDV;95637
BSS000MXRV;95018
BSS000LHXV;95446
BSS000JQXV;95011
BSS000JVXV;95026
BSS000LGBW;95476
BSS000LJEW;95042
BSS000LLHW;95612
BSS000LELW;95150
BSS000MXRW;95018
BSS000JVXW;95026
BSS000LJJX;95026
BSS000LEPX;95651
BSS000JVFY;95116
BSS000LELY;95301
BSS000LEPY;95656
BSS000JQWY;95541
BSS000LJYY;95424
BSS000LHEZ;95183
BSS000JVFZ;95052
BSS000LGVZ;95535
